# ORIGINAL, unpacked. The same 100 by 100 correlation matrix as cov_MOTOR,
# written as plain text so it can be read without Python. Weaver et al., PNAS 2026,
# 123(4):e2531115123, file task_covs/cov_MOTOR at
# github.com/NicholasJWeaver/BrainCompressibility2025
1.00002928858,0.604922126748,0.669352393164,0.600259512217,0.453094726439,0.438909145145,0.393256834803,-0.00490729681381,-0.0384858149844,-0.0628980130028,-0.0169598466876,-0.0327579705903,0.0240439128807,0.36914997361,0.146469281093,0.271984353767,0.0363060649799,0.106326507963,0.0951491599965,0.241060645228,-0.0158200338796,-0.0729928328913,0.0287055297349,0.0665941381629,0.134729176321,0.121561120082,0.0921862239326,-0.187477744138,-0.0929252189378,-0.114314787726,0.137582020585,-0.00831504932162,0.130648166433,-0.157205581782,0.159012473851,0.16456533023,-0.00387211970423,-0.16976521864,-0.152892389558,-0.250974998334,-0.139891560497,-0.0550154608126,-0.225112380842,-0.306456407042,-0.168289989771,-0.145548933249,-0.277905946464,-0.0545697311681,-0.0357882490178,0.109825213664,0.517928775549,0.609639393598,0.427376672123,0.534810464584,0.349078199697,0.43461232338,0.00276058490984,0.0819668800685,0.0847541996464,0.00206451538512,-0.0737149727901,-0.00351694404106,-0.018985553345,0.0360894810559,0.168730273639,-0.070584927775,0.194408124735,0.0432095426679,0.159335072702,0.216865782829,-0.0680586991672,-0.0241635553333,0.0506719041522,0.123184514308,-0.11462897918,0.0691985516995,-0.0531828946757,-0.171268530338,-0.114596417481,0.079580743595,-0.121784422133,0.0534647318679,-0.169097999658,-0.0693355489941,-0.100860075853,-0.16476401465,-0.0119756906741,0.147688380258,-0.187389639575,-0.119496075907,-0.117190711188,-0.21783665413,-0.268110787915,-0.20632595157,-0.1824840355,-0.00935924391052,0.0281834237471,0.0189158745302,-0.0103801950011,0.104820331189
0.604922126748,1.00002928858,0.601133121285,0.420666231274,0.122779166303,0.242969679792,0.19603792224,-0.118479117257,-0.0895129181294,-0.123877615125,-0.0813901036567,-0.156963085262,-0.0446932780146,0.378784539954,0.0155054945631,0.250356545276,-0.0301804990866,0.0567560822575,0.0626167459692,0.146416034888,-0.0939411991391,-0.0939254419227,-0.0388190230069,0.0656226142543,0.000145441247789,0.128761519518,0.0534692110298,-0.139038242484,-0.0833750516481,-0.0549599581235,0.203564289384,0.0512107006767,0.0744723352875,-0.0811586986101,0.246395173922,0.209723438729,0.0474145382837,-0.132018874289,-0.112105519271,-0.235503718611,-0.155294203973,-0.0570228709868,-0.20084999162,-0.297867177802,-0.131622224826,-0.140643075634,-0.238195197526,-0.09143920219,-0.0968739242888,0.0335495172058,0.243350525156,0.792290831154,0.281869198781,0.356629178255,0.159146851944,0.250150874264,-0.126863753295,0.0150308531945,0.0540608453203,-0.0054115420356,-0.130596176829,-0.03388928969,-0.116537872611,-0.0196827963489,0.17761786009,-0.101561862272,0.221571166819,-0.00758184786184,0.164503558212,0.12743252606,-0.145962867138,-0.0893237398319,0.0310497234126,-0.00887842344028,-0.0679346004897,0.0643365400548,-0.0262994416386,-0.148413612036,-0.111885760247,0.0918955315896,-0.079040482339,-0.0201097769533,-0.0815723718236,0.0641699879916,-0.0223699252656,-0.0597514167667,0.0659342287903,0.246834476066,-0.116568876463,-0.0680405525719,-0.0262562704953,-0.173404884101,-0.227188965358,-0.189807538205,-0.159210672613,-0.0118333683482,-0.0123890752472,0.0209435314226,-0.000191050384679,0.0545482198464
0.669352393164,0.601133121285,1.00002928858,0.478307197547,0.293531543424,0.444158511455,0.318836729028,-0.00621442463427,-0.0561843625438,-0.143997878698,-0.0545024103246,-0.0134250296944,-0.0223672933232,0.313728795398,0.084985214976,0.284664648099,0.0929491535063,0.1634298857,0.137773199331,0.254165165113,0.0414487046007,-0.0752753039777,0.0640668880481,0.0774593137702,0.173197630181,0.131379505703,0.109291727523,-0.159918774775,-0.118631673987,-0.121649968267,0.195024037963,0.0157722447462,0.16136671637,-0.187029899836,0.196255456578,0.205899150163,-0.00645473769765,-0.205099407273,-0.176693276397,-0.282676269799,-0.227191021781,-0.134508110456,-0.259300479656,-0.340800781633,-0.191347191556,-0.163786741292,-0.279954845488,-0.072092705729,-0.085387638581,0.0539855270222,0.33940711999,0.650649602692,0.293986135426,0.625827452112,0.26564470784,0.346710749309,-0.0428688880981,0.0711312956806,0.0638465703918,-0.0198437276648,-0.161379427792,-0.0197862011751,-0.0293183662947,-0.0172194649657,0.127524700653,-0.0777799482699,0.194382420701,0.0932408622827,0.181306945662,0.208210060782,-0.0252218792736,-0.0161620704203,0.0430441984752,0.148417506431,-0.0741001840209,0.0626541834053,-0.0393462643405,-0.175921532023,-0.169929825534,0.135605763097,-0.104327614824,0.057054103021,-0.19014793289,-0.0539288800198,-0.129060336278,-0.203854270592,-0.00385926657908,0.163567961797,-0.23228393392,-0.172705929697,-0.136998518506,-0.246740902421,-0.317879372835,-0.253749623673,-0.205522130396,-0.0420688440702,-0.0272515972662,-0.0684771684027,-0.0764098096423,0.0526485091487
0.600259512217,0.420666231274,0.478307197547,1.00002928858,0.480424529778,0.434229549116,0.607890975425,0.0381786646381,-0.0169039069919,0.0478049854052,-0.0131480312549,-0.134243838584,-0.0325482844883,0.331322430045,0.386294329056,0.342245594475,-0.126416884738,-0.0457753882406,0.0518734358062,0.0709374698112,-0.0930169421348,-0.0602380987072,-0.0764890153116,0.0684786612047,-0.0425128719632,0.0486607325069,-0.0680647603136,-0.11689275481,-0.0665256743285,-0.0817628565368,0.00380093800099,-0.0902111260949,-0.0174752397618,-0.118515850522,0.0290783138882,0.1066394881,-0.0468868046232,-0.177048433305,-0.136893381616,-0.165818101712,-0.0870759487549,-0.0434327274938,-0.20756460782,-0.252667106436,-0.16949184444,-0.127307229225,-0.225850850365,-0.0594882308065,-0.0218017614355,0.117185934272,0.527756636706,0.427435779542,0.738744744287,0.501842668459,0.415812596131,0.683486066524,0.0521504827658,0.0386676880593,0.0523763343737,-0.0134421876465,0.00070700155625,-0.0598966840108,-0.125609167674,-0.0384329055169,0.308453895057,0.0403658222989,0.309341272348,-0.113873095262,0.0578798564036,0.0635525932584,-0.142761808992,-0.0838620652145,0.0721773509243,-0.0362888150734,-0.0967691302561,0.0165849046736,-0.0899504406542,-0.104731569522,-0.105268902467,0.0426814116103,-0.0835199504203,0.00619633821737,-0.118268024192,-0.101261603359,-0.0999841766795,-0.112092130271,-0.0235787567496,0.0725311176855,-0.148435744851,-0.126366942244,-0.085897589737,-0.141685621658,-0.185696486756,-0.164148328365,-0.119830385957,-0.0114448317573,0.0602635103834,0.0427519160637,0.0291894932486,0.131148778035
0.453094726439,0.122779166303,0.293531543424,0.480424529778,1.00002928858,0.511495795564,0.517827711792,0.0585935951045,0.0405282392347,0.095408572439,0.0835990131471,0.00364408860922,0.0472524088868,0.14983701165,0.221822130729,0.172662949903,-0.0335389488552,0.00319839961441,0.086647572137,0.0739689257147,-0.0100962342956,-0.00686223403208,-0.0286766764123,0.0669271333375,-0.00726925892076,0.0153303387461,-0.0188962535235,-0.114297709193,-0.050810907698,-0.0653217791479,-0.0191979631804,-0.0646161839527,-0.00730924909856,-0.104269690921,0.0319789860811,0.0684758024792,-0.0324478953171,-0.0881189691437,-0.0747095136254,-0.111017769453,-0.0444193491609,-0.0121435626006,-0.10654490516,-0.140318534412,-0.110841054782,-0.0704011465107,-0.152995453142,0.0640689972525,0.123098822325,0.0767902654731,0.438426107802,0.170661808818,0.370747059404,0.450778345525,0.453986533038,0.478860122773,0.0741898969217,0.00389045957979,0.0477879863375,0.0178701675679,0.0533728697123,0.00768620607774,-0.0130821289322,0.0365204442734,0.110963609706,0.0125529996016,0.135350234684,-0.0384459455948,0.0602708735116,0.0481550458935,-0.0500535891074,-0.0182406592317,0.0759579769194,0.00421907869395,-0.105242602426,-0.00911733370121,-0.0739455409335,-0.1023772305,-0.0637169458987,-0.0178262971689,-0.0818233072645,-0.0152779685663,-0.119355050133,-0.101183714094,-0.0936217416171,-0.132907731441,-0.0378591067675,0.0370949675877,-0.111720582944,-0.0711796746683,-0.086563106075,-0.104103329474,-0.131198760298,-0.129015554923,-0.116984286023,0.0465273453515,0.0670606762085,0.0321602189504,-0.01606226116,0.0463289697847
0.438909145145,0.242969679792,0.444158511455,0.434229549116,0.511495795564,1.00002928858,0.56791655315,0.0274752961571,0.0267766635716,0.0336807748016,0.0670548623369,-0.0241429338898,0.0310448086098,0.160612829356,0.123846239909,0.203084647947,-0.0263998214843,0.0372369775949,0.0999381953677,0.147205849184,-0.0221648794683,-0.0255883588248,0.00180195261383,0.1187665307,0.0283179045652,0.0557725603634,0.0688394809172,-0.139266429569,-0.0879120526475,-0.117639747399,0.0405849912129,-0.0447846001878,0.0169052618165,-0.140317639271,0.126731576241,0.162480106928,-0.0280350854791,-0.109024202019,-0.0762113028496,-0.12464619662,-0.100833441248,-0.0539171882722,-0.147686101262,-0.225259754606,-0.158879901667,-0.0748720080384,-0.231155634937,0.15568772973,0.0766280926354,0.0758696896511,0.345648936323,0.287400224842,0.307146693588,0.637767103544,0.57979277233,0.477301975156,0.0252869662214,-0.0158004251451,0.0512175221695,-0.00511603929456,0.0088343204333,0.00908044915848,-0.0291462645728,0.0270493092613,0.0635418221488,0.0215787284468,0.168174749456,-0.0256926304414,0.113087988048,0.108607251796,-0.0577667682757,-0.0146371349892,0.0910317391561,0.0473735273219,-0.113472237524,0.0319902331123,-0.02048904718,-0.0881431487762,-0.087522247785,0.0200978069942,-0.0957442200385,-0.00287580832542,-0.142980972718,-0.0635632133576,-0.0880852352654,-0.142953204016,-0.0170486159485,0.12997788954,-0.127610245692,-0.0608902922471,-0.0604192722794,-0.114147265578,-0.20615571085,-0.125558808634,-0.156999571973,0.125231956403,0.0704447222519,0.0244923382213,-0.032131129899,0.069717509026
0.393256834803,0.19603792224,0.318836729028,0.607890975425,0.517827711792,0.56791655315,1.00002928858,0.0256853280037,0.058304366828,0.0978119434846,0.0528285992187,-0.0722972896973,0.0573864072107,0.102741666456,0.248193619951,0.191318931062,-0.11767962772,-0.0737175730956,0.0781349341488,0.016781810862,-0.0811944795273,-0.0223805415988,-0.0826640582284,0.112978259302,-0.0781694779039,0.0106670493553,-0.0368156847132,-0.106631546525,-0.0583539457156,-0.0959580573094,-0.0403596952418,-0.0950210111697,-0.087852247779,-0.0930030105174,0.119912458948,0.126492218347,-0.0151392232386,-0.102459371119,-0.0242293484372,-0.0906299548205,-0.0461051805901,-0.0339275901876,-0.119679392381,-0.169693667772,-0.145714830098,-0.0906832279177,-0.19543335027,0.0758470541728,0.0297663492604,0.055402283247,0.44127312578,0.224547125525,0.473300394562,0.523164700739,0.578187847879,0.717489896378,0.0779087517597,-0.0300179729222,0.0506353665006,0.0226312102671,0.0936324950242,0.0095073643722,-0.0401540051315,0.0564860309131,0.164839362295,0.0664272581476,0.204699826904,-0.101806231719,0.0842777791905,0.0118582788144,-0.0954186658831,-0.0629981828673,0.106080502102,-0.0712782391478,-0.121682496794,-0.00954015549648,-0.0835106380877,-0.0851443230997,-0.0515121970935,-0.0419931068031,-0.103847556802,-0.0742630110018,-0.116394105854,-0.0845785741384,-0.122620123183,-0.119775536574,0.00431550130858,0.10791809799,-0.105744644744,-0.0867432652235,-0.012087057344,-0.07741506025,-0.15533144043,-0.133959218547,-0.151999125629,0.0962448120744,0.0707238967515,0.0535753374978,0.0248148047036,0.0790212215401
-0.00490729681381,-0.118479117257,-0.00621442463427,0.0381786646381,0.0585935951045,0.0274752961571,0.0256853280037,1.00002928858,0.203320804871,0.142802806766,0.262260533423,0.268293197272,0.0872920575482,0.0717238440194,0.172831580726,0.143391574045,0.227217917279,0.414262469126,0.321205013053,0.234839055493,0.143292093322,0.0776016792218,0.123145919947,0.0845710463655,0.179347873139,0.0363106517625,0.0543906479989,-0.0566355932973,-0.0215250782653,-0.0384192993697,-0.000105397777969,-0.0259838297786,0.0931334095586,-0.112463069263,-0.0750216803622,0.0118816762516,-0.0555209746183,-0.0576951758591,-0.102558570272,-0.0690366930327,-0.0377852095242,-0.0382881334441,-0.0753123106194,-0.0782583395357,-0.0539732453954,-0.0649919349909,-0.0411191317607,-0.0587181664847,-0.0398490360997,0.0811506249195,0.0266156721362,-0.0154645046382,0.0454088090237,0.0175248379967,0.0169736464547,0.0230067943076,0.0600840020576,0.0430833016836,0.0349993767486,-0.184043504077,0.0100516375159,-0.0398326339274,0.0482336960663,-0.00226190847755,0.0763334947437,0.0329413321234,0.0788125844338,0.145733874409,-0.021397762946,0.0825364660454,0.0778851551095,0.0419614887339,0.0540048345553,0.102288603032,-0.010041706366,0.020471410199,-0.0486688005056,-0.0411707110718,-0.0388786729864,0.0834917016131,-0.0383459763836,0.0829946613544,-0.101697280761,-0.13215469566,-0.113114025555,-0.120672664111,-0.0634644423801,-0.0699150643601,-0.118194480079,-0.0834621861206,-0.108639128821,-0.092609870688,-0.0947045050846,-0.086830540748,-0.0478693704712,-0.0632608550105,-0.0271095349776,-0.0361404035194,-0.0310662701132,0.033590920259
-0.0384858149844,-0.0895129181294,-0.0561843625438,-0.0169039069919,0.0405282392347,0.0267766635716,0.058304366828,0.203320804871,1.00002928858,0.198013508921,0.292033349146,0.20222881476,0.0122788295665,-0.0719838359983,0.0969232477213,0.0051519745685,0.0436963334852,0.0459129311569,0.440348260904,0.160535984199,0.144692041254,0.0963931018889,0.130397805413,0.231226054922,0.265457863349,0.0696987410781,0.127270475398,-0.0285324026391,-0.083035576516,-0.139962739945,-0.0881407581308,-0.107239577212,-0.0134754076352,-0.130352107955,-0.075261729471,0.0846904512316,-0.0755172713888,-0.146569077432,-0.139144683705,-0.0559422856091,-0.0668606890029,-0.06194561064,-0.153174350485,-0.0844342490599,-0.159957820575,-0.0589506833878,-0.107361673071,-0.0623208629687,-0.0413024844992,0.0260220237773,0.00283990901504,-0.0423850554618,-0.00456721563419,-0.0265047714473,0.0221555099619,0.0466288637231,-0.0135681845153,-0.233869272165,0.0699942271314,0.471584943396,0.164037716077,0.0600802167475,0.0883664726842,-0.0504138573871,-0.00214957895166,-0.00491126619665,0.00388921062359,-0.0516105607561,0.232457311362,0.0743546066749,0.168778047537,0.124817929496,0.14109136591,0.199475352357,-0.0296108777864,0.0665844206643,-0.00362742787184,-0.00999467977382,-0.0852410140602,-0.0262520808713,-0.0326706951137,0.0195311483643,-0.1170458336,-0.145661622404,-0.127828538563,-0.0942585267932,-0.0914711320317,-0.0315130902023,-0.118716695995,-0.101628379349,-0.127534810756,-0.0681123385076,-0.0701407628479,-0.0714834870105,-0.040848882438,-0.0449771957043,-0.0512309717146,-0.0190730790756,-0.0123590414481,0.0497850927824
-0.0628980130028,-0.123877615125,-0.143997878698,0.0478049854052,0.095408572439,0.0336807748016,0.0978119434846,0.142802806766,0.198013508921,1.00002928858,0.35925066254,0.275197210543,0.176411167861,-0.024140648619,0.190933216123,-0.0377522587264,0.0401115184096,0.00994973655275,0.0760909903173,-0.0415750456918,0.140832518497,0.270851358596,0.0839200255687,0.0840787313058,0.00322015914336,-0.0138702873773,0.00938393113047,-0.0216863374198,0.00919683616044,-0.00846760222766,-0.109550900505,-0.0545940008954,-0.0190615075225,-0.0435790604582,-0.122712062783,-0.0562048459087,-0.0285711274063,-0.0529178492121,-0.04186487009,0.0327739641044,0.114196216616,0.103343988182,-0.0520236123677,-0.0102506532736,-0.0877469380674,0.0274976695115,0.00304897925544,0.000718109239733,0.0466093043486,0.216180111089,0.019726123306,-0.149012355884,0.0127397725651,-0.0528488628143,0.0543121862488,0.0764434111058,0.129210003767,-0.0380981664542,0.0211537063502,0.1026812597,0.438131858133,0.135779077286,0.124966740101,0.101115763725,-0.00842966160559,-0.0392589627874,-0.0484826075321,-0.0587246479806,-0.0279112327697,-0.0613578617638,0.0589562422089,0.100282616808,0.0886161689658,0.00978610802563,-0.0295583704426,-0.0165453771742,0.0242945064057,0.00353736426021,-0.0324887318465,-0.0766675591012,0.0209888771001,-0.00219793916863,-0.0739464192177,-0.10877742077,-0.0610956312255,-0.0293234014239,-0.0157019484504,-0.0890173509877,-0.0772270539188,-0.0473011823337,-0.0391668464734,0.0178631938535,0.000799887995251,-0.00352156634882,0.0216239299907,-0.00125174997006,0.00788378132676,0.0766638294156,0.105883259408,0.0771435775609
-0.0169598466876,-0.0813901036567,-0.0545024103246,-0.0131480312549,0.0835990131471,0.0670548623369,0.0528285992187,0.262260533423,0.292033349146,0.35925066254,1.00002928858,0.365593331549,0.240320555322,0.00830880684947,0.10114777398,0.0131584538407,0.136379213671,0.12511934343,0.209974746836,0.0856100103667,0.166553861256,0.230046228592,0.185415846652,0.166394780317,0.0960997703105,0.0395309906568,0.116668350792,-0.0735597581206,0.00800374871055,-0.0875172149091,-0.0608080379709,-0.0346231982262,0.0280532873055,-0.120032729457,-0.0580200150354,0.0144626039476,-0.013693307348,-0.0867547723097,-0.0783223001935,-0.0382379751515,-0.0161220785418,-0.0221426814628,-0.093751851137,-0.0647795800716,-0.117515353976,-0.0184235503805,-0.0548536874666,0.0126299634647,0.0448930481448,0.105254429775,-0.00200535963509,-0.0651319984456,-0.0363162471642,0.00246685410605,0.0575958187287,0.0265949380244,0.123868698909,-0.0948095592031,0.0159876524254,0.0852559819785,0.250440845852,0.210997678207,0.212476997027,0.191099689586,-0.0184388463234,0.00747355964281,-0.0285948898094,0.0423007097557,0.0512198156088,0.0167509754076,0.144416719923,0.153420942912,0.137298750147,0.107582401292,-0.0525018720224,0.0132406527524,0.0194982748027,-0.0578250246312,0.00317762451549,-0.0321325332822,-0.027748419666,0.0265969721479,-0.101595372507,-0.129130909475,-0.104756703482,-0.110588048665,-0.017809474169,-0.0518650419032,-0.119831732564,-0.0845911258607,-0.0811845048883,-0.0604225142215,-0.070035405189,-0.0456868080587,-0.0310666169065,-0.00856744025443,0.00885726036496,0.0326901258597,0.0223216323324,0.0563687521071
-0.0327579705903,-0.156963085262,-0.0134250296944,-0.134243838584,0.00364408860922,-0.0241429338898,-0.0722972896973,0.268293197272,0.20222881476,0.275197210543,0.365593331549,1.00002928858,0.456275178693,0.107567646423,0.165349296453,0.10307573407,0.577039320196,0.40741409635,0.261982113092,0.328241877918,0.486659914196,0.28604534526,0.464767582781,0.161728347208,0.424225252715,0.18794378367,0.225893636435,-0.180418035478,-0.0681044251243,-0.107370438146,0.0388855832472,0.0490789597179,0.350253603938,-0.236036893561,-0.0834570927029,-7.3984857195e-05,-0.0805587837466,-0.207786632564,-0.255418627207,-0.250065399759,-0.171652726122,-0.108668645527,-0.239694757213,-0.206964469769,-0.188709133089,-0.0810020313521,-0.0891660793629,-0.151733224053,-0.0714973303544,0.166777064182,-0.0690018488368,-0.124229326399,-0.167765704051,-0.0192873428304,-0.0507308655125,-0.109878661921,0.308450402575,0.0549720705164,0.110907434034,0.0799268608738,0.0979008619114,0.266655261681,0.504335611623,0.318401836166,0.0323494676813,0.0218531152965,0.00483246180738,0.361861539663,0.133748367744,0.257950594373,0.468659638821,0.335019169256,0.156329638213,0.450629606277,0.028985770937,0.16356362143,0.0214203108535,-0.177557418653,-0.0907577640666,0.16889070907,0.017166019187,0.235051628869,-0.271332810103,-0.262760355355,-0.226845043107,-0.252468568347,-0.110561780649,-0.131694913307,-0.311790218927,-0.212185218741,-0.28180417621,-0.299108338123,-0.233289975182,-0.190041496821,-0.124210458213,-0.145745630327,-0.0913619193588,-0.150919965648,-0.077435657036,0.0446133965148
0.0240439128807,-0.0446932780146,-0.0223672933232,-0.0325482844883,0.0472524088868,0.0310448086098,0.0573864072107,0.0872920575482,0.0122788295665,0.176411167861,0.240320555322,0.456275178693,1.00002928858,0.0080270843633,0.0264601417203,0.0541823514374,0.31821443229,0.135998407447,-0.0154477932136,0.127289176895,0.1117161221,0.133960177423,0.126602007201,-0.0147111085974,0.106222044962,0.0539988636972,0.025261188898,-0.203396327997,0.0471706914097,0.016290774253,0.017742932903,0.0571140573793,0.144705584914,-0.0865532888232,-0.0600095639922,-0.0572771470295,-0.0322413271774,-0.0123676143062,-0.0680706243017,-0.139996896755,-0.0444613122188,0.00264521881592,-0.0617534914719,-0.0402238471319,-0.0117842445181,-0.0412730436187,0.00150638306628,-0.0493460966936,-0.00614785980804,0.0493974739353,0.0230968237097,-0.0217587123095,-0.0605483390377,0.00511738549161,0.0399330554288,0.0156350877523,0.408562384058,-0.0837898849115,-0.0715784822018,-0.096543635982,0.068121908094,0.172624475671,0.438856554533,0.832208000706,-0.0278782148862,-0.0573565602126,-0.0164269975529,0.135204703678,-0.098219526342,0.0209800205262,0.0536030009426,0.0736596847191,-0.0327048410181,0.0799424591783,-0.0545097751805,0.00134995419272,-0.0533171986047,-0.215155194173,0.0179526965547,0.00116518840061,-0.0573285787507,0.0122549907219,-0.0995010166534,-0.0941193116222,-0.109841425871,-0.148699962565,-0.0327589677763,-0.0884490267043,-0.126616639043,-0.0581638555664,-0.0914299882629,-0.182113238274,-0.0964969976169,-0.127351517061,-0.0969669627969,-0.0541550495693,-0.0273414339772,-0.0489552068649,-0.00814872037539,-0.0233620140091
0.36914997361,0.378784539954,0.313728795398,0.331322430045,0.14983701165,0.160612829356,0.102741666456,0.0717238440194,-0.0719838359983,-0.024140648619,0.00830880684947,0.107567646423,0.0080270843633,1.00002928858,0.322042233472,0.560639657128,0.318174133335,0.306408967704,0.14080948817,0.321628400679,0.244303113958,0.0275207980867,0.135609626334,0.111454880009,0.150784924393,0.141469887294,0.0800247615352,-0.151823337798,-0.0709571193915,0.0847868262419,0.41410975647,0.240611230492,0.375521003142,-0.211827400714,0.133918284391,0.218529394884,-0.0708241088693,-0.166426131289,-0.272876173582,-0.38572882552,-0.252290353318,-0.0692716758473,-0.215092686046,-0.392439157486,-0.16979872796,-0.178834274582,-0.16547803586,-0.135651307033,0.00644223339687,0.275651880553,0.148556639684,0.326793783743,0.261011092749,0.211315203519,0.0924791002267,0.118056728898,0.0189810549513,0.0848267551174,0.0860232659902,-0.0509947512372,-0.118261588645,0.00500760560685,0.0106711246856,-0.0212219246135,0.418781873856,0.15735670196,0.418664083983,0.205225052678,0.166701008364,0.258306655327,0.142923395171,0.0701058628759,0.0966975362803,0.159739285157,-0.00399997092767,0.0842239590988,-0.0830192002323,-0.169762385861,-0.114572918146,0.380023669125,0.105724001635,0.249072620137,-0.147046310582,-0.0594904800228,-0.1023856231,-0.182315203333,-0.0774715215121,0.10938672908,-0.31759125776,-0.178002698711,-0.23966433848,-0.382116151559,-0.385407532868,-0.232696582815,-0.139037545032,-0.0883695321138,0.0426620328511,-0.0916975420305,-0.0721725564575,0.0970882025655
0.146469281093,0.0155054945631,0.084985214976,0.386294329056,0.221822130729,0.123846239909,0.248193619951,0.172831580726,0.0969232477213,0.190933216123,0.10114777398,0.165349296453,0.0264601417203,0.322042233472,1.00002928858,0.266466571207,0.165327032898,0.173810701853,0.158862678651,0.126863603424,0.196865195026,0.0896648906634,0.0960821428528,0.125030345491,0.100554758659,0.0606464970065,-0.0319769089022,-0.102490483776,-0.0535488405007,-0.0594010204937,-0.0213034012263,-0.084381568035,0.0785417094199,-0.190914159285,-0.0845290728643,0.0589656545939,-0.116812518559,-0.171539234603,-0.161286400479,-0.153369322333,-0.0664147283853,-0.0297282067041,-0.131336196367,-0.180123368794,-0.183680572702,-0.117105393567,-0.142613974037,-0.0616869257942,0.0144647729459,0.282308705049,0.152559796605,-0.00400542357237,0.287770114276,0.103766083296,0.112452873836,0.243159362836,0.132364819648,0.0791896522324,0.100745186514,0.0688247043243,0.0445786324904,0.0350892669459,0.0440984470508,-0.044874954422,0.359426007419,0.2357534366,0.193598314747,0.0892221756898,0.0915995485435,0.110255149505,0.146330586132,0.0763102385832,0.119231141244,0.112479145667,-0.0215266200202,0.0281781771988,-0.0851990914408,-0.08149465738,-0.0854718295702,0.119708325049,-0.0112113693827,0.111407703624,-0.147122135296,-0.209319680228,-0.172726154067,-0.156103627407,-0.0998719717247,-0.053966132431,-0.200132743998,-0.167843887584,-0.165366816945,-0.161448194006,-0.16653911443,-0.144120158697,-0.0997966518606,-0.0620781461745,0.0345338117368,-0.0679622144287,-0.0230879742671,0.133977381865
0.271984353767,0.250356545276,0.284664648099,0.342245594475,0.172662949903,0.203084647947,0.191318931062,0.143391574045,0.0051519745685,-0.0377522587264,0.0131584538407,0.10307573407,0.0541823514374,0.560639657128,0.266466571207,1.00002928858,0.353959297321,0.406468950595,0.345941208444,0.501908253491,0.26005103616,0.0358886001274,0.153597910857,0.210990738415,0.166977044085,0.229505122277,0.109113495476,-0.180272233587,-0.132337114621,-0.0636128875528,0.497343706767,0.27357343316,0.391342558799,-0.18494801735,0.243373049488,0.468777332993,-0.0935411826278,-0.143069195339,-0.299552955549,-0.430741263929,-0.336848007798,-0.187215235849,-0.267391291547,-0.452347651029,-0.215748065804,-0.20727143533,-0.239194930875,-0.12955764275,-0.0148700363437,0.174600890014,0.14406008378,0.242423153498,0.262346188542,0.22652053557,0.126489533059,0.183449260873,0.0217612297102,0.0408896619181,0.147041565028,-0.0333581572031,-0.0917383229736,-0.00848957122135,0.0317645721366,0.028122626434,0.302322832256,0.24359243905,0.680139602812,0.262918566262,0.337552968162,0.38394417525,0.195484078537,0.0925691474007,0.16824298838,0.179969543767,0.0440168977895,0.160988676771,-0.0575932403689,-0.177333062516,-0.165757892996,0.502757137093,0.13592742761,0.267190806103,-0.160434805568,-0.021598437439,-0.0985212027942,-0.162467764707,-0.0923861695635,0.245881842395,-0.341190226712,-0.117863899612,-0.284052070326,-0.416652982194,-0.43366721054,-0.281630905088,-0.185674975642,-0.0810007004085,0.0055651444203,-0.127225607891,-0.122209647938,0.0941030191164
0.0363060649799,-0.0301804990866,0.0929491535063,-0.126416884738,-0.0335389488552,-0.0263998214843,-0.11767962772,0.227217917279,0.0436963334852,0.0401115184096,0.136379213671,0.577039320196,0.31821443229,0.318174133335,0.165327032898,0.353959297321,1.00002928858,0.659069807532,0.297944690947,0.496088862182,0.590168186087,0.161378271294,0.417172642266,0.175608422256,0.42911904185,0.274263676232,0.233458503746,-0.196558222763,-0.117052723001,-0.0831328819174,0.291473861858,0.224968512487,0.539480404052,-0.252708995188,0.00667555697226,0.158022891815,-0.110434858701,-0.182999761075,-0.319089140768,-0.35429727017,-0.314614163729,-0.214450918753,-0.255095968404,-0.291167735824,-0.170900299249,-0.147213346571,-0.127034387331,-0.18502856453,-0.0867270439858,0.153028400676,-0.0853087972151,-0.0160958105003,-0.185371104082,0.0126349125801,-0.0770628781378,-0.153385282076,0.162267912967,0.138729168473,0.156420007122,-0.00530810257088,-0.0830099503348,0.155113989221,0.365024479152,0.177724798047,0.117243480805,0.0843321249118,0.209089781618,0.570653426863,0.235780894292,0.40425563667,0.497483736551,0.308595672648,0.15509352308,0.439834821989,0.0726256641057,0.203205136953,0.0104897639755,-0.184216498781,-0.109855000695,0.39351516749,0.0816817296783,0.317023014507,-0.280017953783,-0.222012773174,-0.221375262963,-0.248803257778,-0.137519896848,-0.0519624515015,-0.389614323595,-0.216971111974,-0.345618345202,-0.385556501376,-0.333618668425,-0.226626607586,-0.168712218102,-0.170372241723,-0.103052996359,-0.206956888072,-0.151423210606,0.00378779001479
0.106326507963,0.0567560822575,0.1634298857,-0.0457753882406,0.00319839961441,0.0372369775949,-0.0737175730956,0.414262469126,0.0459129311569,0.00994973655275,0.12511934343,0.40741409635,0.135998407447,0.306408967704,0.173810701853,0.406468950595,0.659069807532,1.00002928858,0.426661590614,0.50232671212,0.389727133132,0.0953940770557,0.283605634606,0.135386391871,0.354904476916,0.202394172115,0.182403201966,-0.163301687669,-0.105183142393,-0.128072607483,0.269117346242,0.112774508968,0.39481846446,-0.228809110519,0.0547753587805,0.185997561772,-0.0859629259934,-0.193995966479,-0.264773828812,-0.31837070181,-0.250238845791,-0.170469180309,-0.250920501737,-0.314645227014,-0.188095317761,-0.164231070416,-0.190412946637,-0.147219936392,-0.086289288231,0.119148136298,-0.0217290034303,0.0912141033048,-0.100476507108,0.0743105008431,-0.0279493646971,-0.0973768376743,0.064978309455,0.210488159123,0.237871842539,-0.0641761533529,-0.0833755055529,0.0963778803145,0.236083129049,0.0483510734833,0.157786043821,0.0781916710345,0.277784976926,0.590849232038,0.277821722668,0.409822554358,0.36627231682,0.191507348822,0.124625010928,0.360304298643,0.0255214278993,0.163476171971,-0.013927844426,-0.138606231682,-0.100292747282,0.396705329352,0.0200775561329,0.267981290851,-0.216462486266,-0.147367709408,-0.1861627689,-0.2132679353,-0.108870646619,0.0179677811258,-0.322121626564,-0.178489796554,-0.266595769648,-0.320510414571,-0.32306637946,-0.221089566082,-0.174464429292,-0.135443438943,-0.0784141372328,-0.147704632501,-0.120749391994,0.0150090567719
0.0951491599965,0.0626167459692,0.137773199331,0.0518734358062,0.086647572137,0.0999381953677,0.0781349341488,0.321205013053,0.440348260904,0.0760909903173,0.209974746836,0.261982113092,-0.0154477932136,0.14080948817,0.158862678651,0.345941208444,0.297944690947,0.426661590614,1.00002928858,0.426245753862,0.303457820466,0.109407349836,0.205208466299,0.320870443574,0.295786548621,0.247410509754,0.177880076014,-0.114245861603,-0.118494714073,-0.213118486162,0.062507943879,-0.0478946243158,0.103936962879,-0.223585699659,0.0836795693809,0.40213293365,-0.101184531065,-0.231869498456,-0.232415465316,-0.241471075274,-0.221150026299,-0.204146456274,-0.29123300113,-0.303442632062,-0.292089167045,-0.16076617056,-0.288290494997,-0.0860363571048,-0.0556575946688,0.0613778159098,0.0337755133682,0.0888278961872,0.00263826266218,0.0818434281643,0.0497334815483,0.0567106670354,-0.0598303439195,-0.0356305130228,0.288405596666,0.18232332538,0.0441931861302,0.0903531205818,0.116876460319,-0.0604934824311,0.0915898040655,0.135833902391,0.288949426449,0.260486189831,0.569409095791,0.345845369001,0.341194712533,0.166713131086,0.26930256311,0.30458575855,-0.0272345895527,0.202112085256,-0.0184602028793,-0.12228135359,-0.162198974,0.212408159699,-0.0432625695648,0.105495086567,-0.245646951991,-0.167750492644,-0.222605813859,-0.213014527175,-0.104787986067,0.113383695033,-0.26349166593,-0.163070579859,-0.2248956054,-0.23523201778,-0.271379147996,-0.221322562618,-0.181894850855,-0.0567405501062,-0.0303606440046,-0.0833019635292,-0.0781853331657,0.0752427533603
0.241060645228,0.146416034888,0.254165165113,0.0709374698112,0.0739689257147,0.147205849184,0.016781810862,0.234839055493,0.160535984199,-0.0415750456918,0.0856100103667,0.328241877918,0.127289176895,0.321628400679,0.126863603424,0.501908253491,0.496088862182,0.50232671212,0.426245753862,1.00002928858,0.419228364256,0.0815059050318,0.389121327608,0.256339239783,0.526672556953,0.418931899486,0.342292731251,-0.204329216749,-0.134047841119,-0.147380055873,0.346877719124,0.225239860877,0.499254009169,-0.208350576589,0.131998619007,0.374791760783,-0.0963265838589,-0.11194171634,-0.38404051375,-0.403808563833,-0.351587693015,-0.220304707893,-0.353543989122,-0.42010183553,-0.206270536629,-0.160272033895,-0.266760448955,-0.179774972698,-0.0938219156343,0.166651677779,0.0679478778767,0.178048660098,-0.00383402430582,0.178205249111,0.0577455811476,-0.00182388112672,0.0645778824627,0.0816494404859,0.168699580154,0.0593153390886,-0.100756693508,0.0471277334019,0.176626116551,0.0465980994269,0.109608669123,0.096127532451,0.340764965649,0.372802196718,0.374795136241,0.588503454856,0.370179086176,0.253982325936,0.201826272852,0.493611751889,0.0746305619469,0.313604759801,0.0854732020274,-0.24380760803,-0.20435990618,0.422356558486,0.0527900036772,0.34266767718,-0.277749821457,-0.150241567458,-0.136998471973,-0.225150057349,-0.11392529813,0.120385640698,-0.373050801189,-0.106450944456,-0.357677528275,-0.416786383654,-0.41500771183,-0.314455046384,-0.202382656297,-0.126997336562,-0.0579992746186,-0.161427469733,-0.126137386433,0.109362869784
-0.0158200338796,-0.0939411991391,0.0414487046007,-0.0930169421348,-0.0100962342956,-0.0221648794683,-0.0811944795273,0.143292093322,0.144692041254,0.140832518497,0.166553861256,0.486659914196,0.1117161221,0.244303113958,0.196865195026,0.26005103616,0.590168186087,0.389727133132,0.303457820466,0.419228364256,1.00002928858,0.233908474531,0.4918477778,0.299838424736,0.435487334822,0.377479748146,0.288446309127,-0.145056996455,-0.145760238337,-0.0581965426827,0.279578004791,0.241446939629,0.493662850077,-0.225610907407,-0.00290426959306,0.236496281203,-0.0679791649043,-0.199977424615,-0.363055461922,-0.356883719693,-0.285453040953,-0.110233647621,-0.162548793597,-0.235595701739,-0.111898506324,-0.0521655698603,-0.0339398254103,-0.234399394444,-0.118520924223,0.36021129402,-0.101160095263,-0.0930847115142,-0.164230409242,0.00693209151877,-0.0681370435566,-0.105109760969,0.100968304714,0.0316611634647,0.110634558974,0.0956397078804,0.00378282595608,0.123441716439,0.259066219432,-0.0150985649094,0.0330079489596,0.112363777707,0.135475023214,0.281134245056,0.292336877592,0.334559771623,0.579055511822,0.398239727046,0.290122943372,0.474382233088,0.230533864622,0.31718519587,0.0815590981627,-0.134250725426,-0.144281320691,0.32898990139,0.163726640536,0.3543944744,-0.302756277124,-0.270610321979,-0.180004341098,-0.226976052276,-0.122589637611,-0.0461628513927,-0.345413963273,-0.25484163407,-0.394626773804,-0.412204175711,-0.263653304663,-0.179417294871,-0.00305414796972,-0.225461768666,-0.142485491178,-0.201178871559,-0.0502234896351,0.151195475362
-0.0729928328913,-0.0939254419227,-0.0752753039777,-0.0602380987072,-0.00686223403208,-0.0255883588248,-0.0223805415988,0.0776016792218,0.0963931018889,0.270851358596,0.230046228592,0.28604534526,0.133960177423,0.0275207980867,0.0896648906634,0.0358886001274,0.161378271294,0.0953940770557,0.109407349836,0.0815059050318,0.233908474531,1.00002928858,0.284182996723,0.118911309468,0.100715257452,0.127815502071,0.126526416545,-0.0589539947213,0.119106697906,-0.0529310795325,-0.0393635583144,0.0343886307651,0.0968556862955,-0.0987104454399,-0.0664568252303,0.0162286846242,-0.0395555740056,-0.106859848629,-0.150242270569,-0.071390681388,0.0306583836954,-0.0188213382573,-0.151175545043,-0.0654021406268,-0.136326116956,0.0822709873872,0.000377222628394,-0.0754389037295,0.0202659133586,0.121211828938,-0.0630419678244,-0.116157607691,-0.0759172780242,-0.0626525028406,-0.046931772813,-0.0499942286413,0.0963033947558,-0.070814292567,0.00251584148723,0.0168167576452,0.164386574732,0.155463406695,0.188664142575,0.0993980343396,-0.0148625571849,0.0136645684098,-0.0109341585504,0.0716426845909,0.0510503320004,0.0348627212096,0.24248384736,0.240642133287,0.137520614443,0.143215215326,0.0210555850623,0.0680987403324,0.0489862194006,-0.0862409777261,0.00760871076815,0.0232756991444,0.0582227627512,0.085637224024,-0.143315050521,-0.183116647706,-0.108256233308,-0.12996684603,-0.0478365163905,-0.088589586553,-0.171159930562,-0.114362378878,-0.154589362066,-0.10747449396,-0.0661962097745,-0.0471001386558,0.0156978767326,-0.0834071662039,-0.0123299430669,0.0235502885351,0.0191833229084,0.0629280042583
0.0287055297349,-0.0388190230069,0.0640668880481,-0.0764890153116,-0.0286766764123,0.00180195261383,-0.0826640582284,0.123145919947,0.130397805413,0.0839200255687,0.185415846652,0.464767582781,0.126602007201,0.135609626334,0.0960821428528,0.153597910857,0.417172642266,0.283605634606,0.205208466299,0.389121327608,0.4918477778,0.284182996723,1.00002928858,0.21641484156,0.460754685058,0.39913386181,0.413286584598,-0.122797988669,-0.0721254364338,-0.155837226377,0.158771401927,0.195319089155,0.43558950521,-0.170904882768,-0.0170380733071,0.116223488415,-0.0763404365861,-0.216254521358,-0.363327751925,-0.295850901644,-0.272828980915,-0.159106299202,-0.312813632939,-0.23788127872,-0.17263795047,0.0854657643624,-0.0625135316349,-0.231389193871,-0.142107736199,0.169677494467,-0.0601913319485,-0.0424698004411,-0.128305089563,0.0412373132187,-0.0469117147475,-0.0954255013951,0.154427291988,0.0522363747509,0.0858339937247,0.0801926582142,0.0299033357806,0.162305800965,0.298228404206,0.0595711916631,0.0256367022512,0.0120590286045,0.068026199818,0.264759087017,0.187563149974,0.330875865547,0.468898029904,0.453838280608,0.209779094026,0.513185538247,0.173003758513,0.300229218159,0.23249118112,-0.189347229148,-0.168636727725,0.275474166629,0.118260848231,0.350686266114,-0.276925497712,-0.234061796758,-0.138119206686,-0.218895612744,-0.111230049891,-0.0533172294962,-0.332179128874,-0.192271413618,-0.376169611585,-0.329246693828,-0.243742932313,-0.142262388366,-0.0174877288123,-0.21189410506,-0.106568996466,-0.158677762668,-0.0408675741521,0.136232548276
0.0665941381629,0.0656226142543,0.0774593137702,0.0684786612047,0.0669271333375,0.1187665307,0.112978259302,0.0845710463655,0.231226054922,0.0840787313058,0.166394780317,0.161728347208,-0.0147111085974,0.111454880009,0.125030345491,0.210990738415,0.175608422256,0.135386391871,0.320870443574,0.256339239783,0.299838424736,0.118911309468,0.21641484156,1.00002928858,0.17202849896,0.256920939895,0.190333432968,-0.124214268302,-0.104300301898,-0.155826552518,0.0654613985507,0.00498941937093,0.0997630547191,-0.163980917412,0.151588426514,0.359106694438,0.0872777977224,-0.113420661183,-0.0887345706777,-0.179540367484,-0.195684448827,-0.199979272486,-0.202842995996,-0.240171472042,-0.237702134412,-0.104591354496,-0.245051459305,-0.000823784453739,0.0288888179504,0.0992119271813,0.0385768132077,0.0574043017971,0.0382071747829,0.0997462296116,0.08953753083,0.0871209711103,0.0301057805315,-0.0372039221134,0.151357593693,0.162686717027,0.105237101398,0.12672438592,0.0869776387861,-0.0447712182072,0.0473271223026,0.179573139775,0.172914378292,0.0931691954638,0.352494236456,0.245735386082,0.276985272056,0.216999228961,0.414694535954,0.227357201427,-0.00550879292801,0.204299893509,0.0667200344797,-0.1194342173,-0.0637952545835,0.1229837672,-0.00841796231092,0.0892013988024,-0.232169450022,-0.162832411787,-0.170139673024,-0.193515351283,0.0276024130067,0.175712808977,-0.211376738233,-0.0926173418482,-0.0987019672255,-0.174287797437,-0.216211760598,-0.163519707489,-0.122281756353,0.0414761927706,0.0108054818986,-0.0246306426736,-0.028844112891,0.134012824991
0.134729176321,0.000145441247789,0.173197630181,-0.0425128719632,-0.00726925892076,0.0283179045652,-0.0781694779039,0.179347873139,0.265457863349,0.00322015914336,0.0960997703105,0.424225252715,0.106222044962,0.150784924393,0.100554758659,0.166977044085,0.42911904185,0.354904476916,0.295786548621,0.526672556953,0.435487334822,0.100715257452,0.460754685058,0.17202849896,1.00002928858,0.32466807667,0.398955373075,-0.159097611131,-0.141834720308,-0.176983706307,0.144204568395,0.0412073446063,0.405348665443,-0.261908589035,-0.0366945916869,0.116814818624,-0.1075497097,-0.25103083646,-0.357785545816,-0.317069755286,-0.289796686458,-0.168830773924,-0.33200363512,-0.27672042454,-0.198472093359,-0.0673572308649,-0.183150751924,-0.233864302115,-0.146394108495,0.161428787791,0.00739118725738,0.0572877102462,-0.0813667204656,0.105374825314,-0.0320874654005,-0.0797805429681,0.183304429698,0.102921091839,0.139919313309,0.170275803239,-0.0409246394827,0.128170683199,0.290803939754,0.0378090467722,0.0657931260772,-0.018844086257,0.0858033319239,0.312976595465,0.242157871551,0.444080086135,0.429403578677,0.35356862709,0.172154639524,0.618899204877,0.102620873542,0.28901086631,0.0967234282954,-0.172069780225,-0.174517870198,0.294395355649,0.0140726677077,0.367614538649,-0.289550507385,-0.237702103458,-0.16386816076,-0.23425774961,-0.133835172718,-0.0692340224255,-0.339448898635,-0.21356940826,-0.35336458574,-0.350114898702,-0.28231937143,-0.213728242565,-0.0855095605017,-0.210019300582,-0.113833857692,-0.179513639726,-0.0535942110605,0.134955834314
0.121561120082,0.128761519518,0.131379505703,0.0486607325069,0.0153303387461,0.0557725603634,0.0106670493553,0.0363106517625,0.0696987410781,-0.0138702873773,0.0395309906568,0.18794378367,0.0539988636972,0.141469887294,0.0606464970065,0.229505122277,0.274263676232,0.202394172115,0.247410509754,0.418931899486,0.377479748146,0.127815502071,0.39913386181,0.256920939895,0.32466807667,1.00002928858,0.369340411436,-0.121545882176,-0.119768959369,-0.15883434683,0.163016303268,0.234118823411,0.289223848894,0.0887041117952,0.141371186668,0.344887339869,-0.0212606138559,-0.0627688512318,-0.298658654617,-0.257420573354,-0.259255735255,-0.162883415751,-0.281898619662,-0.179157866484,-0.107773626205,0.0336669939291,-0.167186765814,-0.201258141642,-0.141892938859,0.120902062223,0.0259083108974,0.102211304687,-0.0230508487951,0.0758799299096,0.00867861922356,0.00119277610954,0.0119610942258,0.0037081751651,0.0918309031808,0.031776710451,-0.0315291340841,0.0620974253565,0.131540274352,0.0106112701212,0.0398659506049,-0.00374944687472,0.148502393149,0.162319036062,0.271928544289,0.319571430787,0.313149819791,0.271316585454,0.226369407979,0.348062747227,0.158761867247,0.518011980925,0.236287515406,-0.233439438539,-0.193771692754,0.222605572382,0.0479970561912,0.179352152043,-0.308654654415,-0.172470512564,-0.0967766137999,-0.125268150129,-0.0449869748638,0.123510072345,-0.242572366965,-0.0624257808485,-0.301426080516,-0.293931187574,-0.190969827955,-0.240917636094,-0.101955710226,-0.153727883882,-0.11598235529,-0.119752356262,-0.0335797466145,0.158457178705
0.0921862239326,0.0534692110298,0.109291727523,-0.0680647603136,-0.0188962535235,0.0688394809172,-0.0368156847132,0.0543906479989,0.127270475398,0.00938393113047,0.116668350792,0.225893636435,0.025261188898,0.0800247615352,-0.0319769089022,0.109113495476,0.233458503746,0.182403201966,0.177880076014,0.342292731251,0.288446309127,0.126526416545,0.413286584598,0.190333432968,0.398955373075,0.369340411436,1.00002928858,-0.0871231657887,-0.126452133965,-0.135995864978,0.166809159581,0.157570370684,0.292921451266,-0.0826714621363,0.110112405219,0.154006391488,0.0451343332944,-0.0696204889336,-0.237114935319,-0.129768704481,-0.218983231289,-0.105965590901,-0.215857730212,-0.124744382423,-0.0980642373655,0.070346014054,-0.111992503178,-0.0959284024787,-0.0812431011502,0.09948216413,-0.0155488799192,0.0569501644562,-0.10003776515,0.084360142987,0.0161873125181,-0.0635886451389,0.0518758302402,-0.0027506167341,0.0581451937932,0.0622321883351,0.0445452230008,0.126986847848,0.173112362678,0.00648823239748,-0.0239377262118,-0.0490240225369,0.0404488742008,0.156889671224,0.176032577326,0.280531966399,0.277290161772,0.313522384431,0.18213958927,0.407917598466,0.0521005418312,0.278934625299,0.291008018391,-0.114193727729,-0.133188568906,0.151852335294,0.0595538843681,0.228506897385,-0.220318329926,-0.141523162055,-0.0770776855584,-0.144635280015,-0.0163618063483,0.0385738765969,-0.23712371333,-0.063877725402,-0.237627354405,-0.159341464794,-0.170848288164,-0.0671851175237,-0.0303588195488,-0.0848511705983,-0.059361944538,-0.0808290874275,-0.0323773485727,0.0887107325451
-0.187477744138,-0.139038242484,-0.159918774775,-0.11689275481,-0.114297709193,-0.139266429569,-0.106631546525,-0.0566355932973,-0.0285324026391,-0.0216863374198,-0.0735597581206,-0.180418035478,-0.203396327997,-0.151823337798,-0.102490483776,-0.180272233587,-0.196558222763,-0.163301687669,-0.114245861603,-0.204329216749,-0.145056996455,-0.0589539947213,-0.122797988669,-0.124214268302,-0.159097611131,-0.121545882176,-0.0871231657887,1.00002928858,0.128435390604,0.127440708216,-0.0986519013489,0.0321037074885,-0.102084964213,0.318780917186,-0.0829569290943,-0.136406230248,0.030145521352,0.105663661845,0.103940130523,0.389757907298,0.166906944947,0.096685394286,0.159381772321,0.233113658905,0.144438568063,0.225945783806,0.272550142344,0.0612029090724,0.00973977975895,-0.106919523997,-0.0935379915233,-0.149159626456,-0.0847150222577,-0.148700666281,-0.101588464664,-0.100781491114,-0.127867798086,0.0106559429383,-0.0164304642377,-0.023125043713,-0.0306421826323,-0.0781477070643,-0.161871920782,-0.179063656207,-0.088759181729,-0.0638133436764,-0.131406152623,-0.133347654535,-0.117817030811,-0.209725998978,-0.141671025491,-0.142117810428,-0.0999804537681,-0.200186223413,-0.0756212323576,-0.218501415924,-0.0317727920664,0.337170397433,-0.141009906337,-0.156679665919,-0.0450897072105,-0.159054787922,0.0533411420349,0.0140538964298,0.00124375873478,0.0928131232461,0.000451278421408,-0.123970617537,0.0848979900823,-0.0150607435255,0.078923911017,0.339522048183,0.121411081381,0.138142612611,0.0567398438555,-0.00413783967613,-0.033509329471,6.2353390318e-06,-0.0565754455778,-0.107417246245
-0.0929252189378,-0.0833750516481,-0.118631673987,-0.0665256743285,-0.050810907698,-0.0879120526475,-0.0583539457156,-0.0215250782653,-0.083035576516,0.00919683616044,0.00800374871055,-0.0681044251243,0.0471706914097,-0.0709571193915,-0.0535488405007,-0.132337114621,-0.117052723001,-0.105183142393,-0.118494714073,-0.134047841119,-0.145760238337,0.119106697906,-0.0721254364338,-0.104300301898,-0.141834720308,-0.119768959369,-0.126452133965,0.128435390604,1.00002928858,0.168768134697,-0.136630362132,-0.0172668994973,-0.0982257447312,0.122664142633,-0.107914209507,-0.176926046136,0.0182519485223,0.119884118261,0.137103172084,0.206008769666,0.381968815362,0.202860300014,0.147861262477,0.233970099225,0.105756818696,0.192381282596,0.20463006548,0.0871274046195,0.137580818547,-0.00119492225823,-0.0432749739231,-0.096927161078,-0.0393037371862,-0.123481843298,-0.0461842704769,-0.0614346434071,-0.0149304290775,-0.0557752276223,-0.108791500929,-0.107027056147,0.0274867853305,-0.00392686958152,-0.0245284203265,0.0534005522012,-0.0702974588286,-0.0404430989397,-0.144925002841,-0.0748297824567,-0.199716722794,-0.189395583288,-0.129691131461,-0.110253920175,-0.12787215714,-0.175510159067,-0.157962382897,-0.232274187934,-0.110282592632,-0.111523620281,0.20444574321,-0.188012312103,-0.123525839027,-0.165935784802,0.0683908134728,-0.0316946189949,-0.0427499729156,-0.0611450607538,0.0124284715705,-0.145349450576,0.0724331910792,-0.0125654466904,0.113542425045,0.142525894772,0.129106328535,0.0376588615432,0.0339283209527,0.0454778763518,0.124196223458,0.16761236264,0.0302633389749,-0.0608761006675
-0.114314787726,-0.0549599581235,-0.121649968267,-0.0817628565368,-0.0653217791479,-0.117639747399,-0.0959580573094,-0.0384192993697,-0.139962739945,-0.00846760222766,-0.0875172149091,-0.107370438146,0.016290774253,0.0847868262419,-0.0594010204937,-0.0636128875528,-0.0831328819174,-0.128072607483,-0.213118486162,-0.147380055873,-0.0581965426827,-0.0529310795325,-0.155837226377,-0.155826552518,-0.176983706307,-0.15883434683,-0.135995864978,0.127440708216,0.168768134697,1.00002928858,0.222196174467,0.256803083187,0.0418624991584,0.250823330127,0.00534747591021,-0.128340280413,0.0734006191895,0.327166556011,0.196658947515,0.115160142946,0.227551049647,0.327673850662,0.447992942407,0.264277587089,0.36174225829,0.0556237899915,0.385401687561,0.0147168192647,0.0460609612889,0.0731859724066,-0.0924087877514,-0.081232865329,-0.0895130365568,-0.132699764035,-0.0985606048465,-0.113377122008,-0.0749384046071,-0.0627264797471,-0.155583002881,-0.134558789824,-0.107331558727,-0.119579093798,-0.150481623488,-0.010731007555,-0.113700169609,-0.079705380362,-0.12324162852,-0.15112821432,-0.242928603028,-0.222306730616,-0.22760577452,-0.211609289074,-0.203223498664,-0.233805638565,0.0224816980214,-0.246091315539,-0.110965436488,0.0309139415192,0.0478692658088,-0.113132813425,0.0151741000473,-0.138061677103,0.261153135745,0.205265348246,0.112972346952,0.0972288826793,0.0254508940898,-0.0749887812491,0.167848733365,0.072457199667,0.122841945132,0.0468829460577,0.099081354918,0.0794867324764,0.0510756572781,-0.0276012136425,-0.0131156585685,-0.0308702726566,-0.0275629885698,-0.15093188067
0.137582020585,0.203564289384,0.195024037963,0.00380093800099,-0.0191979631804,0.0405849912129,-0.0403596952418,-0.000105397777969,-0.0881407581308,-0.109550900505,-0.0608080379709,0.0388855832472,0.017742932903,0.41410975647,-0.0213034012263,0.497343706767,0.291473861858,0.269117346242,0.062507943879,0.346877719124,0.279578004791,-0.0393635583144,0.158771401927,0.0654613985507,0.144204568395,0.163016303268,0.166809159581,-0.0986519013489,-0.136630362132,0.222196174467,1.00002928858,0.617077365236,0.531405609219,0.0466059212283,0.405220439026,0.274661422595,0.0538775109985,0.0862750415751,-0.193738006919,-0.431459011372,-0.306075537385,0.0336559108885,0.061247421916,-0.285581766312,0.148241016064,-0.127116968805,0.0586117475245,-0.1857678459,-0.100457379086,0.219236484669,-0.0396833386609,0.181896312583,-0.0562980743764,0.100331677924,-0.017330301455,-0.0670836042114,-0.0865553153609,-0.0202452422695,-0.0219403415586,-0.0746684269995,-0.147893768284,-0.0623648237696,-0.0261957921179,-0.00652257083096,0.0541159767886,-0.0087765740935,0.324725344432,0.127057807032,0.107323996817,0.196442563914,0.0636827059145,0.0483512027999,-1.51737282367e-06,0.110006551655,0.281319449807,0.103886692253,0.0634608673484,-0.131058769246,-0.183179230063,0.486767769107,0.279438882218,0.262739767026,0.0379885283829,0.34557326272,0.194669218172,0.0557709233435,0.0221048536425,0.323169211037,-0.139314269111,0.0297115735499,-0.19461811266,-0.432063345476,-0.321587049047,-0.169617824872,-0.0619670554717,-0.141374582625,-0.0988707787929,-0.170714185991,-0.0726818378917,0.0262665834035
-0.00831504932162,0.0512107006767,0.0157722447462,-0.0902111260949,-0.0646161839527,-0.0447846001878,-0.0950210111697,-0.0259838297786,-0.107239577212,-0.0545940008954,-0.0346231982262,0.0490789597179,0.0571140573793,0.240611230492,-0.084381568035,0.27357343316,0.224968512487,0.112774508968,-0.0478946243158,0.225239860877,0.241446939629,0.0343886307651,0.195319089155,0.00498941937093,0.0412073446063,0.234118823411,0.157570370684,0.0321037074885,-0.0172668994973,0.256803083187,0.617077365236,1.00002928858,0.56108786138,0.243056447551,0.23304029045,0.137041967182,0.0209732014997,0.241566834305,-0.11546309701,-0.210003607046,-0.147326622559,0.103929156749,0.134282864068,-0.001576696491,0.316723555112,0.0693933324733,0.352401730462,-0.113364442498,-0.0406795379806,0.177062768335,-0.0898137714401,0.00469835129341,-0.119383803936,-0.0334108865709,-0.0775862698555,-0.127951291921,-0.0752696577945,-0.0588590837047,-0.068755614791,-0.0941298748005,-0.0956654539373,-0.0677208766906,-0.0363114810808,0.00295138218882,-0.0522879015165,-0.0449648356875,0.128918294909,0.0399309626217,-0.0183942321379,0.0570219832158,0.0249790736766,0.0136084080644,-0.0598748591578,0.0186455880585,0.165625933307,0.0289411096513,0.0886387575846,-0.0989383133651,-0.129952791772,0.247023889004,0.268785085674,0.146330735088,0.00370601454039,0.191735945508,0.154898324347,0.0607261331631,-0.0254769761842,0.113748845584,-0.125087698308,0.0437658256879,-0.178794430346,-0.272925479164,-0.161468745076,-0.042306951312,-0.00253865422731,-0.108239806967,-0.0699140517371,-0.113082577815,-0.0897067383361,-0.0388208501478
0.130648166433,0.0744723352875,0.16136671637,-0.0174752397618,-0.00730924909856,0.0169052618165,-0.087852247779,0.0931334095586,-0.0134754076352,-0.0190615075225,0.0280532873055,0.350253603938,0.144705584914,0.375521003142,0.0785417094199,0.391342558799,0.539480404052,0.39481846446,0.103936962879,0.499254009169,0.493662850077,0.0968556862955,0.43558950521,0.0997630547191,0.405348665443,0.289223848894,0.292921451266,-0.102084964213,-0.0982257447312,0.0418624991584,0.531405609219,0.56108786138,1.00002928858,-0.104506150174,0.0672624511381,0.129732042386,-0.0806570748297,-0.0629894469231,-0.346750520458,-0.376117210837,-0.29413630109,-0.0357833083065,-0.167113213632,-0.231033522718,0.0753192484217,-0.00985966963939,0.131125155189,-0.244616414517,-0.127852831896,0.272821055218,-0.0135504972621,0.0710141320482,-0.0709121382917,0.0787426828199,-0.0535181348302,-0.105196009794,0.0630400567963,0.0889406948943,0.0456753881962,-0.0218754581418,-0.121211218368,0.0168465558626,0.132682386862,0.0164341457988,0.0963282191677,0.00626667461059,0.235320201025,0.300766577615,0.108592191987,0.350654790873,0.297460479197,0.219272717581,0.0476062944973,0.389564230156,0.17758755524,0.148993221533,0.108222570138,-0.173641121961,-0.196431956072,0.437864774154,0.194470542274,0.409735642236,-0.187050313341,-0.0667435108502,-0.0242636762246,-0.154104558898,-0.143478763755,-0.0132761770801,-0.329547392802,-0.157909272176,-0.380612996049,-0.428917959167,-0.316045591688,-0.164006236707,-0.0386226985475,-0.224216181303,-0.114684082955,-0.184048731666,-0.0828976280509,0.0770686316411
-0.157205581782,-0.0811586986101,-0.187029899836,-0.118515850522,-0.104269690921,-0.140317639271,-0.0930030105174,-0.112463069263,-0.130352107955,-0.0435790604582,-0.120032729457,-0.236036893561,-0.0865532888232,-0.211827400714,-0.190914159285,-0.18494801735,-0.252708995188,-0.228809110519,-0.223585699659,-0.208350576589,-0.225610907407,-0.0987104454399,-0.170904882768,-0.163980917412,-0.261908589035,0.0887041117952,-0.0826714621363,0.318780917186,0.122664142633,0.250823330127,0.0466059212283,0.243056447551,-0.104506150174,1.00002928858,0.0976184740053,-0.0928358875903,0.123921028347,0.389830039616,0.274274326841,0.328260906149,0.249555272552,0.262139628297,0.406911715397,0.411841703309,0.410529956834,0.230792064784,0.378364912571,0.0660249233372,-0.0223099414905,-0.0700737218985,-0.0939269284507,-0.11965940661,-0.11257229312,-0.178980946436,-0.107047167179,-0.109598957926,-0.15159173489,-0.0948799107401,-0.159426682319,-0.133318065337,-0.0566505753232,-0.146223847843,-0.214359828166,-0.0685382806783,-0.209236372194,-0.203161282403,-0.205295331132,-0.230640514495,-0.25682167684,-0.293108767258,-0.313996581077,-0.24000053003,-0.206979930754,-0.316888423556,0.00742588933047,-0.118893766902,0.0521675790779,0.108873258734,-0.020005356183,-0.221368798883,-0.0509818947089,-0.268011272351,0.129713704417,0.213141435897,0.187158713778,0.319939679648,0.0894199013877,0.0255287360719,0.242509694767,0.178506661984,0.166168268461,0.261939989617,0.237408921919,0.115034878211,0.0441724690218,0.0117858666989,-0.0671244193748,0.0196459864954,-0.0102251496684,-0.161168459363
0.159012473851,0.246395173922,0.196255456578,0.0290783138882,0.0319789860811,0.126731576241,0.119912458948,-0.0750216803622,-0.075261729471,-0.122712062783,-0.0580200150354,-0.0834570927029,-0.0600095639922,0.133918284391,-0.0845290728643,0.243373049488,0.00667555697226,0.0547753587805,0.0836795693809,0.131998619007,-0.00290426959306,-0.0664568252303,-0.0170380733071,0.151588426514,-0.0366945916869,0.141371186668,0.110112405219,-0.0829569290943,-0.107914209507,0.00534747591021,0.405220439026,0.23304029045,0.0672624511381,0.0976184740053,1.00002928858,0.365500245706,0.284285979386,0.102277894518,0.204563501329,-0.14786571931,-0.146690602714,-0.0465728966182,0.0795382041041,-0.210826663351,-0.013196204458,-0.118870963171,-0.190445908476,0.199671920445,0.0605879113407,0.0223637152549,0.0295628506704,0.230402349411,0.00562931324243,0.14103777629,0.0933954090001,0.0675660306248,-0.158742784739,-0.0776237673289,0.0238056067003,-0.0679452025053,-0.0620436856452,-0.0350958509457,-0.0828931766834,-0.0372066602603,-0.0383660103594,0.0579062789968,0.186620685801,-0.0187789917217,0.183800218155,0.0766037157571,-0.0430778641819,-0.0545419714132,0.10135361632,-0.0282585149215,-0.0154180097795,0.0977957071127,0.0628584172331,-0.0894309528654,-0.110585510565,0.122544101945,0.021719302541,-0.0658338867552,-0.0639908462934,0.290407078704,0.0396336426992,0.00761123690214,0.277491355139,0.632983280931,-0.0256090456232,0.0930412943055,0.20149434589,-0.107478166703,-0.228915099944,-0.149766886413,-0.218318789859,0.220005316176,0.0178884858565,-0.0145494721887,-0.0675036238299,-0.00576981225145
0.16456533023,0.209723438729,0.205899150163,0.1066394881,0.0684758024792,0.162480106928,0.126492218347,0.0118816762516,0.0846904512316,-0.0562048459087,0.0144626039476,-7.3984857195e-05,-0.0572771470295,0.218529394884,0.0589656545939,0.468777332993,0.158022891815,0.185997561772,0.40213293365,0.374791760783,0.236496281203,0.0162286846242,0.116223488415,0.359106694438,0.116814818624,0.344887339869,0.154006391488,-0.136406230248,-0.176926046136,-0.128340280413,0.274661422595,0.137041967182,0.129732042386,-0.0928358875903,0.365500245706,1.00002928858,-0.0228580128515,-0.00540580452612,-0.12215809221,-0.277169317146,-0.283802103608,-0.223025492594,-0.161555822987,-0.346191137922,-0.220362200708,-0.155082629409,-0.315875762839,0.0217486427985,0.0156119839634,0.0699037562995,0.0253509057887,0.189444031368,0.036107294066,0.151702108135,0.0940941250375,0.0963021731325,-0.111046191036,-0.0423517423976,0.152800251513,0.0589857197568,-0.0386103251277,0.0248453214139,-0.0152598630582,-0.0449207588799,0.0342666319017,0.247899236933,0.390856332848,0.112793788301,0.531212757931,0.305398190744,0.203695465778,0.0826086545599,0.265847283426,0.141642954588,0.0423880588326,0.275637154761,0.0181268307907,-0.126444629184,-0.162518779861,0.242170372365,0.0226109650088,0.0619768226663,-0.196218661371,0.00726236308244,-0.0981131586816,-0.136573422309,-0.022300717832,0.435421866442,-0.171134503238,0.0334895478451,-0.122545850909,-0.240637169413,-0.320294562083,-0.241904857375,-0.207474861585,0.0693739751948,0.0139678415271,-0.085583978799,-0.122023194872,0.0956438707205
-0.00387211970423,0.0474145382837,-0.00645473769765,-0.0468868046232,-0.0324478953171,-0.0280350854791,-0.0151392232386,-0.0555209746183,-0.0755172713888,-0.0285711274063,-0.013693307348,-0.0805587837466,-0.0322413271774,-0.0708241088693,-0.116812518559,-0.0935411826278,-0.110434858701,-0.0859629259934,-0.101184531065,-0.0963265838589,-0.0679791649043,-0.0395555740056,-0.0763404365861,0.0872777977224,-0.1075497097,-0.0212606138559,0.0451343332944,0.030145521352,0.0182519485223,0.0734006191895,0.0538775109985,0.0209732014997,-0.0806570748297,0.123921028347,0.284285979386,-0.0228580128515,1.00002928858,0.143072141028,0.31127984151,0.124578416797,0.0871997675886,0.0763238808956,0.200384611898,0.110766975946,0.0937023263928,0.014021177034,0.0207011358709,0.137059996559,0.0447752235741,-0.00619946458288,-0.0278195787727,0.0398061725102,-0.04887076947,-0.020962450024,-0.0212538612565,-0.0407994330118,-0.08372945443,-0.0528549050583,-0.0796686575361,-0.0622814815383,-0.00200699114082,-0.0241388785134,-0.074000734533,-0.0371547081442,-0.112710615186,-0.0884255131267,-0.116053359741,-0.133816563504,-0.0779780668779,-0.104036624918,-0.134942374415,-0.101216020163,0.0409393614927,-0.0965660715952,-0.0632358746746,-0.0518051273077,0.0643994445805,0.0204423930604,0.0382085173096,-0.124668130873,-0.0769650745065,-0.144078003722,0.0508959825215,0.108521344636,0.0161063729044,0.0211365322895,0.386844413498,0.170825300719,0.0850904887416,0.0576743730495,0.262515120299,0.122334069567,0.0569612293689,0.0464417240973,-0.0422647083109,0.106305546031,-0.0173949702688,0.0476280132875,0.0117041623527,-0.0616468061177
-0.16976521864,-0.132018874289,-0.205099407273,-0.177048433305,-0.0881189691437,-0.109024202019,-0.102459371119,-0.0576951758591,-0.146569077432,-0.0529178492121,-0.0867547723097,-0.207786632564,-0.0123676143062,-0.166426131289,-0.171539234603,-0.143069195339,-0.182999761075,-0.193995966479,-0.231869498456,-0.11194171634,-0.199977424615,-0.106859848629,-0.216254521358,-0.113420661183,-0.25103083646,-0.0627688512318,-0.0696204889336,0.105663661845,0.119884118261,0.327166556011,0.0862750415751,0.241566834305,-0.0629894469231,0.389830039616,0.102277894518,-0.00540580452612,0.143072141028,1.00002928858,0.412518565278,0.320834134443,0.284020056581,0.21975303686,0.576980277161,0.455001894176,0.461178972287,0.115230036222,0.305427332876,0.282924743769,0.160225998428,-0.0838907404414,-0.130085422951,-0.154055633538,-0.148236968414,-0.18580157329,-0.0800058261594,-0.144330245302,-0.121744450223,-0.0796184398586,-0.171823368871,-0.135824497251,-0.0599974861084,-0.135835310881,-0.194709396449,-0.016100694735,-0.239456274556,-0.0254764245523,-0.188483903126,-0.201360337262,-0.22766633693,-0.240198152556,-0.308225750572,-0.272575653168,-0.187743342666,-0.303741027384,-0.0809020541499,-0.171043511304,-0.0110862693931,0.0324344790946,0.059572048139,-0.251328521741,-0.0806873608189,-0.266916992543,0.202019150824,0.228536826541,0.154528861779,0.121911545556,0.078038606555,0.0434772617057,0.298948963503,0.37932495756,0.263901349081,0.257896572769,0.236093736106,0.135602085919,-0.00743677783308,0.197620693842,0.0611440067879,0.0341010366202,-0.0796165274304,-0.196642532667
-0.152892389558,-0.112105519271,-0.176693276397,-0.136893381616,-0.0747095136254,-0.0762113028496,-0.0242293484372,-0.102558570272,-0.139144683705,-0.04186487009,-0.0783223001935,-0.255418627207,-0.0680706243017,-0.272876173582,-0.161286400479,-0.299552955549,-0.319089140768,-0.264773828812,-0.232415465316,-0.38404051375,-0.363055461922,-0.150242270569,-0.363327751925,-0.0887345706777,-0.357785545816,-0.298658654617,-0.237114935319,0.103940130523,0.137103172084,0.196658947515,-0.193738006919,-0.11546309701,-0.346750520458,0.274274326841,0.204563501329,-0.12215809221,0.31127984151,0.412518565278,1.00002928858,0.492336716237,0.437691344194,0.281312800296,0.578825733331,0.468814526673,0.296772916256,0.106264254511,0.179005851198,0.471685678731,0.197340679039,-0.110350288639,-0.0606691287594,-0.119266551132,-0.0849717957739,-0.152843946643,-0.0149329358461,-0.0814938502341,-0.15168948364,-0.0852239016007,-0.14990844337,-0.108505954257,-0.0437715893597,-0.120382233293,-0.227831044035,-0.0511261534346,-0.227202003333,-0.0205832342052,-0.295663194006,-0.272364317241,-0.239359762464,-0.38447203235,-0.413818648672,-0.37635694868,-0.157827755664,-0.426340353937,-0.318190060427,-0.356697531184,-0.122130960402,0.099692786848,0.150018754536,-0.433771549495,-0.300118469664,-0.45190783693,0.19964024317,0.186060256091,0.00804326355367,0.0401645304086,0.253260882818,0.128470484584,0.36915658057,0.181800312003,0.704480424322,0.455712034806,0.29954603409,0.1830943968,-0.0628319121494,0.37408052282,0.0947846525563,0.163310834743,-0.00132076176849,-0.202737423501
-0.250974998334,-0.235503718611,-0.282676269799,-0.165818101712,-0.111017769453,-0.12464619662,-0.0906299548205,-0.0690366930327,-0.0559422856091,0.0327739641044,-0.0382379751515,-0.250065399759,-0.139996896755,-0.38572882552,-0.153369322333,-0.430741263929,-0.35429727017,-0.31837070181,-0.241471075274,-0.403808563833,-0.356883719693,-0.071390681388,-0.295850901644,-0.179540367484,-0.317069755286,-0.257420573354,-0.129768704481,0.389757907298,0.206008769666,0.115160142946,-0.431459011372,-0.210003607046,-0.376117210837,0.328260906149,-0.14786571931,-0.277169317146,0.124578416797,0.320834134443,0.492336716237,1.00002928858,0.484829691805,0.213110491743,0.407959265254,0.590504592811,0.222033674168,0.271887187936,0.284508936285,0.367888318806,0.173618029199,-0.201294544583,-0.10364231003,-0.235577301292,-0.107007847493,-0.233573134158,-0.0948717767234,-0.100835941774,-0.142633014582,-0.0626194447096,-0.145361431651,-0.0758827551742,0.0316139125982,-0.0963038571112,-0.231483111178,-0.129400680395,-0.236787890293,-0.0976056229256,-0.388702974281,-0.283052225907,-0.28825930092,-0.395528334268,-0.365652619443,-0.293063236037,-0.18439182347,-0.376073041102,-0.340386014166,-0.361550331519,-0.0378764996961,0.348921806788,0.166457101168,-0.520834816832,-0.283089008483,-0.439252687228,0.135593761722,-0.0496483235464,-0.0712543653031,0.0869073808446,0.10036717613,-0.204534917896,0.268424924306,0.125942117482,0.403466416213,0.73465433333,0.396911672119,0.342902992228,0.0261926176293,0.254380454208,0.0971095836518,0.162643525097,-0.0306277170322,-0.218285296702
-0.139891560497,-0.155294203973,-0.227191021781,-0.0870759487549,-0.0444193491609,-0.100833441248,-0.0461051805901,-0.0377852095242,-0.0668606890029,0.114196216616,-0.0161220785418,-0.171652726122,-0.0444613122188,-0.252290353318,-0.0664147283853,-0.336848007798,-0.314614163729,-0.250238845791,-0.221150026299,-0.351587693015,-0.285453040953,0.0306583836954,-0.272828980915,-0.195684448827,-0.289796686458,-0.259255735255,-0.218983231289,0.166906944947,0.381968815362,0.227551049647,-0.306075537385,-0.147326622559,-0.29413630109,0.249555272552,-0.146690602714,-0.283802103608,0.0871997675886,0.284020056581,0.437691344194,0.484829691805,1.00002928858,0.482030853683,0.481717911863,0.546946460712,0.315294064534,0.260733599987,0.353073372863,0.229981459801,0.155382339429,0.0215997414284,-0.0374460924552,-0.178179305487,-0.0593945716386,-0.194974766176,-0.0457398107237,-0.0683628929452,-0.0839794018381,-0.0698684173428,-0.155849780907,-0.076701717504,0.0178274748606,-0.0834565450957,-0.171370428989,-0.0424684097249,-0.185640905615,-0.119081073642,-0.328180019698,-0.252811925874,-0.297323965103,-0.357177139,-0.343612213658,-0.294277854947,-0.212924075266,-0.344865988111,-0.259010676063,-0.356484319574,-0.127571183339,0.127866599521,0.250611147291,-0.440906493084,-0.255586010155,-0.350186785453,0.181294525463,0.00140988613619,0.0188484684349,0.0445876022447,0.0668269407783,-0.197638406075,0.300244624315,0.067493959568,0.33800976453,0.410905522495,0.364784741368,0.215557747063,0.0924464292809,0.156485921616,0.0853524957453,0.237778008206,0.0936115197318,-0.143345013651
-0.0550154608126,-0.0570228709868,-0.134508110456,-0.0434327274938,-0.0121435626006,-0.0539171882722,-0.0339275901876,-0.0382881334441,-0.06194561064,0.103343988182,-0.0221426814628,-0.108668645527,0.00264521881592,-0.0692716758473,-0.0297282067041,-0.187215235849,-0.214450918753,-0.170469180309,-0.204146456274,-0.220304707893,-0.110233647621,-0.0188213382573,-0.159106299202,-0.199979272486,-0.168830773924,-0.162883415751,-0.105965590901,0.096685394286,0.202860300014,0.327673850662,0.0336559108885,0.103929156749,-0.0357833083065,0.262139628297,-0.0465728966182,-0.223025492594,0.0763238808956,0.21975303686,0.281312800296,0.213110491743,0.482030853683,1.00002928858,0.514160105557,0.435313685579,0.479746887302,0.242993160187,0.460059911053,0.0443638113356,0.0225983504408,0.28180028446,-0.051474105287,-0.0841753175418,-0.0606246526798,-0.119551190196,-0.0492534934828,-0.058834765009,-0.0748852785052,-0.0809717673522,-0.164241537137,-0.0717178942117,-0.0409673507731,-0.114924814894,-0.179044861693,-0.0213297902177,-0.154561460304,-0.2032758899,-0.232536518512,-0.220772418022,-0.27149379352,-0.279558964257,-0.317303086517,-0.232146956393,-0.212273824068,-0.259905196217,-0.0562346131124,-0.257585455387,-0.0717186575091,0.0662278685004,0.107635596286,-0.242991469181,-0.120956575485,-0.179215063281,0.16979664772,0.112682598877,0.151141857308,0.109887194175,0.00865300106511,-0.121208555749,0.242211689317,0.00993605681964,0.17306953606,0.136658743902,0.26465954549,0.151000768705,0.173055333523,-0.0314309708468,-0.0428526697966,0.118254223662,0.187915650484,-0.0685479993892
-0.225112380842,-0.20084999162,-0.259300479656,-0.20756460782,-0.10654490516,-0.147686101262,-0.119679392381,-0.0753123106194,-0.153174350485,-0.0520236123677,-0.093751851137,-0.239694757213,-0.0617534914719,-0.215092686046,-0.131336196367,-0.267391291547,-0.255095968404,-0.250920501737,-0.29123300113,-0.353543989122,-0.162548793597,-0.151175545043,-0.312813632939,-0.202842995996,-0.33200363512,-0.281898619662,-0.215857730212,0.159381772321,0.147861262477,0.447992942407,0.061247421916,0.134282864068,-0.167113213632,0.406911715397,0.0795382041041,-0.161555822987,0.200384611898,0.576980277161,0.578825733331,0.407959265254,0.481717911863,0.514160105557,1.00002928858,0.658288381866,0.64812776651,0.20689558554,0.531109354618,0.279709152462,0.140059064282,0.0592147543999,-0.161241987914,-0.219172424887,-0.187216403938,-0.234617652677,-0.114739543164,-0.178720871849,-0.156491400065,-0.12176471867,-0.234990772883,-0.145888497643,-0.105410727595,-0.183471607416,-0.2599246708,-0.0777353587304,-0.298823199264,-0.07870024224,-0.327479240438,-0.296708806672,-0.337208263869,-0.42318419713,-0.402683868844,-0.37596868903,-0.269474697139,-0.423773643088,-0.0615935055665,-0.359857663352,-0.130118017308,0.145506875884,0.15491615645,-0.378278964811,-0.163866668786,-0.363395934325,0.299506606377,0.264221933629,0.193255169474,0.15116028512,0.106963394939,-0.0459010050108,0.486065370118,0.208358002168,0.395459565477,0.327643065609,0.40666493755,0.246714826877,0.117733584565,0.155497590578,0.0113578825562,0.0391481475308,0.0296644889086,-0.224736211226
-0.306456407042,-0.297867177802,-0.340800781633,-0.252667106436,-0.140318534412,-0.225259754606,-0.169693667772,-0.0782583395357,-0.0844342490599,-0.0102506532736,-0.0647795800716,-0.206964469769,-0.0402238471319,-0.392439157486,-0.180123368794,-0.452347651029,-0.291167735824,-0.314645227014,-0.303442632062,-0.42010183553,-0.235595701739,-0.0654021406268,-0.23788127872,-0.240171472042,-0.27672042454,-0.179157866484,-0.124744382423,0.233113658905,0.233970099225,0.264277587089,-0.285581766312,-0.001576696491,-0.231033522718,0.411841703309,-0.210826663351,-0.346191137922,0.110766975946,0.455001894176,0.468814526673,0.590504592811,0.546946460712,0.435313685579,0.658288381866,1.00002928858,0.58081616221,0.405782681787,0.608788492115,0.187080809471,0.0755620862868,-0.0884947159776,-0.155878518941,-0.312162780426,-0.185057902615,-0.30184646846,-0.175520168819,-0.200264802698,-0.0746925982322,-0.0937379969284,-0.21436926588,-0.0939250341587,-0.0141165730533,-0.1117087196,-0.173582077528,-0.037901004673,-0.287621592209,-0.178476386579,-0.440310126867,-0.267309897913,-0.377155121836,-0.441385880907,-0.338305437483,-0.26651089112,-0.28145077726,-0.357541734443,-0.16067092698,-0.309387435684,-0.0176906892938,0.160665965931,0.208728580703,-0.490095460518,-0.189295575802,-0.353882082174,0.191113692257,-0.0107560782063,0.0900154007181,0.106688926101,0.0269535054298,-0.316259449991,0.386336671742,0.115157951062,0.299873026551,0.484751383796,0.640929108919,0.356691782818,0.255073424431,0.0641350373644,-0.0055843904541,0.0967256442253,0.0585282288104,-0.224897759572
-0.168289989771,-0.131622224826,-0.191347191556,-0.16949184444,-0.110841054782,-0.158879901667,-0.145714830098,-0.0539732453954,-0.159957820575,-0.0877469380674,-0.117515353976,-0.188709133089,-0.0117842445181,-0.16979872796,-0.183680572702,-0.215748065804,-0.170900299249,-0.188095317761,-0.292089167045,-0.206270536629,-0.111898506324,-0.136326116956,-0.17263795047,-0.237702134412,-0.198472093359,-0.107773626205,-0.0980642373655,0.144438568063,0.105756818696,0.36174225829,0.148241016064,0.316723555112,0.0753192484217,0.410529956834,-0.013196204458,-0.220362200708,0.0937023263928,0.461178972287,0.296772916256,0.222033674168,0.315294064534,0.479746887302,0.64812776651,0.58081616221,1.00002928858,0.251037829241,0.603973256398,0.0385808002755,-0.0147931420674,0.0735741016881,-0.115964402046,-0.149779399916,-0.147896887037,-0.195181948937,-0.150042442838,-0.178706941891,-0.11049588059,-0.0733817862557,-0.217616477933,-0.140788768136,-0.114390838028,-0.160660373248,-0.21117786175,-0.0493051554492,-0.222629432723,-0.22684656369,-0.268520614877,-0.226135931969,-0.345925137238,-0.301800724978,-0.34023537758,-0.268879913942,-0.291184680627,-0.277354936805,0.0649629312726,-0.238759047037,-0.00457091083379,0.0749711775886,0.0511486235345,-0.218644812455,-0.0595103453675,-0.185493582685,0.218819630396,0.212362078578,0.300529086975,0.173294559718,0.0125365792519,-0.138375529954,0.342517347062,0.142424732574,0.146380668957,0.140054239947,0.357755374918,0.201310098211,0.217447372323,-0.050294334825,-0.07664704734,-0.00550381628409,0.0587910561717,-0.157515431996
-0.145548933249,-0.140643075634,-0.163786741292,-0.127307229225,-0.0704011465107,-0.0748720080384,-0.0906832279177,-0.0649919349909,-0.0589506833878,0.0274976695115,-0.0184235503805,-0.0810020313521,-0.0412730436187,-0.178834274582,-0.117105393567,-0.20727143533,-0.147213346571,-0.164231070416,-0.16076617056,-0.160272033895,-0.0521655698603,0.0822709873872,0.0854657643624,-0.104591354496,-0.0673572308649,0.0336669939291,0.070346014054,0.225945783806,0.192381282596,0.0556237899915,-0.127116968805,0.0693933324733,-0.00985966963939,0.230792064784,-0.118870963171,-0.155082629409,0.014021177034,0.115230036222,0.106264254511,0.271887187936,0.260733599987,0.242993160187,0.20689558554,0.405782681787,0.251037829241,1.00002928858,0.386863364868,0.037943609695,0.0144388874266,0.00698349546564,-0.0751234500148,-0.164073187996,-0.111211029124,-0.129327599016,-0.0709382324867,-0.115682435522,-0.057502926603,-0.0533674181742,-0.101960836351,-0.0570313307817,0.00266078959467,-0.0285038897681,-0.0944863471058,-0.0453517551346,-0.156461086068,-0.128025363063,-0.224456293398,-0.134066597745,-0.178015102325,-0.186406093837,-0.10921930494,-0.00590218615952,-0.106944303084,-0.102059946482,-0.0131120186278,-0.0974575078212,0.164599491722,0.0586398334549,0.017201034821,-0.20665865605,-0.0576654678759,-0.0802352163066,0.0132128638271,-0.0569306173849,0.0844467277138,0.0360908311691,-0.0164985749476,-0.173431128044,0.143868350573,-0.000622105280911,0.0473971758056,0.225305092252,0.304179945786,0.272268588158,0.261795097442,-0.0182075438137,-0.0150368576443,0.0476855329414,0.0954705053793,-0.0228423529784
-0.277905946464,-0.238195197526,-0.279954845488,-0.225850850365,-0.152995453142,-0.231155634937,-0.19543335027,-0.0411191317607,-0.107361673071,0.00304897925544,-0.0548536874666,-0.0891660793629,0.00150638306628,-0.16547803586,-0.142613974037,-0.239194930875,-0.127034387331,-0.190412946637,-0.288290494997,-0.266760448955,-0.0339398254103,0.000377222628394,-0.0625135316349,-0.245051459305,-0.183150751924,-0.167186765814,-0.111992503178,0.272550142344,0.20463006548,0.385401687561,0.0586117475245,0.352401730462,0.131125155189,0.378364912571,-0.190445908476,-0.315875762839,0.0207011358709,0.305427332876,0.179005851198,0.284508936285,0.353073372863,0.460059911053,0.531109354618,0.608788492115,0.603973256398,0.386863364868,1.00002928858,-0.0186223872978,-0.0165130437575,0.0741792611999,-0.182635643264,-0.26555830525,-0.18372626687,-0.263502447802,-0.206265535087,-0.217198654495,-0.0634902502851,-0.0878443276187,-0.210618548678,-0.11150091979,-0.0706239054429,-0.135067437925,-0.151076382259,-0.0385621533864,-0.190423676048,-0.188434667487,-0.28258908382,-0.179709609442,-0.356532207509,-0.334565223967,-0.226139000893,-0.183467768593,-0.285773574122,-0.25323338544,0.0214462653902,-0.318312609845,-0.0627459841158,0.14360656174,0.0907901710484,-0.214205498699,0.0207088110873,-0.126972673778,0.190117521389,0.0612406647731,0.171815624045,0.136483365218,-0.064089918561,-0.31994952423,0.210577927517,-0.0112536506617,0.0513587530842,0.168043737139,0.361942192479,0.284800432761,0.339698737671,-0.108499471062,-0.0613250018954,-0.0153577560075,0.0556369589701,-0.163370174572
-0.0545697311681,-0.09143920219,-0.072092705729,-0.0594882308065,0.0640689972525,0.15568772973,0.0758470541728,-0.0587181664847,-0.0623208629687,0.000718109239733,0.0126299634647,-0.151733224053,-0.0493460966936,-0.135651307033,-0.0616869257942,-0.12955764275,-0.18502856453,-0.147219936392,-0.0860363571048,-0.179774972698,-0.234399394444,-0.0754389037295,-0.231389193871,-0.000823784453739,-0.233864302115,-0.201258141642,-0.0959284024787,0.0612029090724,0.0871274046195,0.0147168192647,-0.1857678459,-0.113364442498,-0.244616414517,0.0660249233372,0.199671920445,0.0217486427985,0.137059996559,0.282924743769,0.471685678731,0.367888318806,0.229981459801,0.0443638113356,0.279709152462,0.187080809471,0.0385808002755,0.037943609695,-0.0186223872978,1.00002928858,0.338577600957,-0.10893116847,0.0121343684555,-0.0862877043141,-0.0351470567311,-0.0122400823653,0.130198485193,0.00423461904231,-0.112049115891,-0.0666646048778,-0.0711457610642,-0.0607627978163,0.00842053455334,-0.0640747839481,-0.150298402664,-0.0396539221641,-0.128641639852,0.126641514404,-0.136864553928,-0.158643386281,-0.0813626631195,-0.184400277519,-0.2242927596,-0.203842574339,-0.0408256531673,-0.249486743432,-0.30281939121,-0.231583963928,-0.0742319045787,0.0653848097312,0.0935994381679,-0.297261876371,-0.198324174433,-0.300205659654,0.0331529844808,0.0694212055782,-0.0673452107823,-0.0603787178831,0.138669371589,0.115165405364,0.15697059695,0.201263267135,0.395450986701,0.363211044942,0.0862422766277,0.122119171001,-0.13260306535,0.541961145464,0.227722137794,0.143208200563,-0.0893661684377,-0.137198741778
-0.0357882490178,-0.0968739242888,-0.085387638581,-0.0218017614355,0.123098822325,0.0766280926354,0.0297663492604,-0.0398490360997,-0.0413024844992,0.0466093043486,0.0448930481448,-0.0714973303544,-0.00614785980804,0.00644223339687,0.0144647729459,-0.0148700363437,-0.0867270439858,-0.086289288231,-0.0556575946688,-0.0938219156343,-0.118520924223,0.0202659133586,-0.142107736199,0.0288888179504,-0.146394108495,-0.141892938859,-0.0812431011502,0.00973977975895,0.137580818547,0.0460609612889,-0.100457379086,-0.0406795379806,-0.127852831896,-0.0223099414905,0.0605879113407,0.0156119839634,0.0447752235741,0.160225998428,0.197340679039,0.173618029199,0.155382339429,0.0225983504408,0.140059064282,0.0755620862868,-0.0147931420674,0.0144388874266,-0.0165130437575,0.338577600957,1.00002928858,-0.0307046606952,0.0260102750779,-0.0890308419975,0.00595387477787,-0.0354613499189,0.0925500919568,0.00529661651767,-0.046869403561,-0.0717162863388,-0.0513924722208,-0.0356998666093,0.024271311179,-0.0146115984932,-0.0704883211459,-0.00894150979029,-0.0513261764599,0.138362318718,-0.0383896231371,-0.0832867078508,-0.0553848862075,-0.108563627451,-0.119353852824,-0.105332254506,-0.00326263796146,-0.16046593133,-0.212811946259,-0.162800386014,-0.0696943958498,-0.00596321390399,0.108642466874,-0.155393867779,-0.081222500724,-0.158662239683,0.0236417654753,0.00353295504856,-0.057930388058,-0.0552291203819,0.0440648621137,0.0577721445815,0.0394792263234,0.114328329782,0.185072631934,0.16865294497,0.0139333074389,0.0609835236483,-0.0708292294504,0.309205178104,0.265517972515,0.10383556234,-0.0690920746375,-0.0819363207615
0.109825213664,0.0335495172058,0.0539855270222,0.117185934272,0.0767902654731,0.0758696896511,0.055402283247,0.0811506249195,0.0260220237773,0.216180111089,0.105254429775,0.166777064182,0.0493974739353,0.275651880553,0.282308705049,0.174600890014,0.153028400676,0.119148136298,0.0613778159098,0.166651677779,0.36021129402,0.121211828938,0.169677494467,0.0992119271813,0.161428787791,0.120902062223,0.09948216413,-0.106919523997,-0.00119492225823,0.0731859724066,0.219236484669,0.177062768335,0.272821055218,-0.0700737218985,0.0223637152549,0.0699037562995,-0.00619946458288,-0.0838907404414,-0.110350288639,-0.201294544583,0.0215997414284,0.28180028446,0.0592147543999,-0.0884947159776,0.0735741016881,0.00698349546564,0.0741792611999,-0.10893116847,-0.0307046606952,1.00002928858,0.0221182180819,0.0137642954889,0.0458773312639,0.0491509249839,0.031264465535,0.0327389099651,0.0263876158571,-0.00886632277779,-0.0171577125687,-0.00418925229403,0.00997223721171,-0.0124943014281,0.0133125573476,-0.0240862991799,0.0642704237515,0.0749984766064,0.0603273557647,-0.00179682206835,0.00651965105911,0.0830592133494,0.10606273919,0.0986690160456,0.0812400593433,0.14175480396,0.0946048828448,0.0841308146587,0.00182178320634,-0.0701775970648,-0.00963570892079,0.13488606017,0.050173913076,0.184846384999,-0.112883824607,-0.0959092208993,-0.00537216671384,-0.0992445347762,-0.0476508331178,0.0147730573655,-0.124370791368,-0.138218380961,-0.146387138424,-0.226283291444,-0.10714832273,-0.084179478324,0.0787558841173,-0.106169788622,-0.0366246781431,0.0289682671788,0.159423071276,0.30489102513
0.517928775549,0.243350525156,0.33940711999,0.527756636706,0.438426107802,0.345648936323,0.44127312578,0.0266156721362,0.00283990901504,0.019726123306,-0.00200535963509,-0.0690018488368,0.0230968237097,0.148556639684,0.152559796605,0.14406008378,-0.0853087972151,-0.0217290034303,0.0337755133682,0.0679478778767,-0.101160095263,-0.0630419678244,-0.0601913319485,0.0385768132077,0.00739118725738,0.0259083108974,-0.0155488799192,-0.0935379915233,-0.0432749739231,-0.0924087877514,-0.0396833386609,-0.0898137714401,-0.0135504972621,-0.0939269284507,0.0295628506704,0.0253509057887,-0.0278195787727,-0.130085422951,-0.0606691287594,-0.10364231003,-0.0374460924552,-0.051474105287,-0.161241987914,-0.155878518941,-0.115964402046,-0.0751234500148,-0.182635643264,0.0121343684555,0.0260102750779,0.0221182180819,1.00002928858,0.37410687474,0.57236631994,0.453842623003,0.440115557869,0.527488142727,0.0661834237529,0.0211167362207,0.0381464265489,-0.0196710727685,0.0494410836348,-0.0124012588384,-0.0338476881479,0.0343298044797,0.29737702911,0.0205597947,0.180372987498,-0.0438506715887,0.0293944233457,0.0578158858359,-0.108222147187,-0.0549465647663,0.0406645177802,-0.000314313884118,-0.125190363309,-0.027215601706,-0.069815887488,-0.143105222272,-0.0915932786273,-0.00496511955591,-0.131099795635,-0.0074569768406,-0.104234618022,-0.0889806153829,-0.0924685135089,-0.147347257265,-0.0310335475859,0.0438768627554,-0.0955305802186,-0.10338239652,-0.0452318376267,-0.100251304683,-0.159392295916,-0.131320776258,-0.128273644436,0.0412701771084,0.160641441242,0.0976928148778,0.0715316203373,0.103616014052
0.609639393598,0.792290831154,0.650649602692,0.427435779542,0.170661808818,0.287400224842,0.224547125525,-0.0154645046382,-0.0423850554618,-0.149012355884,-0.0651319984456,-0.124229326399,-0.0217587123095,0.326793783743,-0.00400542357237,0.242423153498,-0.0160958105003,0.0912141033048,0.0888278961872,0.178048660098,-0.0930847115142,-0.116157607691,-0.0424698004411,0.0574043017971,0.0572877102462,0.102211304687,0.0569501644562,-0.149159626456,-0.096927161078,-0.081232865329,0.181896312583,0.00469835129341,0.0710141320482,-0.11965940661,0.230402349411,0.189444031368,0.0398061725102,-0.154055633538,-0.119266551132,-0.235577301292,-0.178179305487,-0.0841753175418,-0.219172424887,-0.312162780426,-0.149779399916,-0.164073187996,-0.26555830525,-0.0862877043141,-0.0890308419975,0.0137642954889,0.37410687474,1.00002928858,0.404112812202,0.440317958848,0.201957411481,0.325218176887,-0.111659047344,-0.0188153630604,0.0215662621395,-0.0539619418605,-0.128982565436,-0.0627297659848,-0.095120619801,0.0117221467459,0.243416049511,-0.0987691003363,0.228401431357,0.00235537535128,0.147287400004,0.145725405914,-0.131542989191,-0.0821931715903,0.0199028530388,0.0285672634601,-0.0956691299827,0.0623859464436,-0.0658938313192,-0.162943090141,-0.120870229587,0.0864412950118,-0.117520663977,-0.000295835788732,-0.101488998148,0.0154024831133,-0.0698383953094,-0.0995094373407,0.0525771920789,0.212128408002,-0.144778148952,-0.1012296268,-0.0455902457625,-0.188859798841,-0.267021235787,-0.206200463041,-0.176807595151,-0.0220399339692,-0.00519962689951,0.00968107106657,-9.08702496299e-05,0.0656528946873
0.427376672123,0.281869198781,0.293986135426,0.738744744287,0.370747059404,0.307146693588,0.473300394562,0.0454088090237,-0.00456721563419,0.0127397725651,-0.0363162471642,-0.167765704051,-0.0605483390377,0.261011092749,0.287770114276,0.262346188542,-0.185371104082,-0.100476507108,0.00263826266218,-0.00383402430582,-0.164230409242,-0.0759172780242,-0.128305089563,0.0382071747829,-0.0813667204656,-0.0230508487951,-0.10003776515,-0.0847150222577,-0.0393037371862,-0.0895130365568,-0.0562980743764,-0.119383803936,-0.0709121382917,-0.11257229312,0.00562931324243,0.036107294066,-0.04887076947,-0.148236968414,-0.0849717957739,-0.107007847493,-0.0593945716386,-0.0606246526798,-0.187216403938,-0.185057902615,-0.147896887037,-0.111211029124,-0.18372626687,-0.0351470567311,0.00595387477787,0.0458773312639,0.57236631994,0.404112812202,1.00002928858,0.399380633528,0.360795379476,0.644829497416,0.0587165029349,0.00226588236004,0.0311523411638,-0.0306270659797,0.0601237752055,-0.0669822752496,-0.119542397322,-0.0294815002748,0.467233242723,0.163978577245,0.377749665033,-0.125100976421,0.0296555521623,0.0392567295418,-0.119620836917,-0.0734660036084,0.0599693795341,-0.0698765852121,-0.100491675112,0.00516618911358,-0.104826071625,-0.0845285651852,-0.0646870775835,0.0558971122386,-0.0451837367596,0.0405681194378,-0.0500972323429,-0.0870635785192,-0.0704268879497,-0.0846352038233,-0.00892151186299,0.0537065466567,-0.0976268632786,-0.0971742104591,-0.0458561694429,-0.0832148247479,-0.146061973411,-0.110087772055,-0.0787838648868,0.0179217938777,0.11654137393,0.098869466324,0.0879990190514,0.171985848682
0.534810464584,0.356629178255,0.625827452112,0.501842668459,0.450778345525,0.637767103544,0.523164700739,0.0175248379967,-0.0265047714473,-0.0528488628143,0.00246685410605,-0.0192873428304,0.00511738549161,0.211315203519,0.103766083296,0.22652053557,0.0126349125801,0.0743105008431,0.0818434281643,0.178205249111,0.00693209151877,-0.0626525028406,0.0412373132187,0.0997462296116,0.105374825314,0.0758799299096,0.084360142987,-0.148700666281,-0.123481843298,-0.132699764035,0.100331677924,-0.0334108865709,0.0787426828199,-0.178980946436,0.14103777629,0.151702108135,-0.020962450024,-0.18580157329,-0.152843946643,-0.233573134158,-0.194974766176,-0.119551190196,-0.234617652677,-0.30184646846,-0.195181948937,-0.129327599016,-0.263502447802,-0.0122400823653,-0.0354613499189,0.0491509249839,0.453842623003,0.440317958848,0.399380633528,1.00002928858,0.558953859728,0.563648281922,0.0455159259511,0.0382798822134,0.0632041764032,-0.00895519351898,-0.0238287845295,0.00787952746098,-0.00714369663179,0.0194253457728,0.138716983123,-0.00902021318959,0.215869677043,0.0373030943866,0.124370822923,0.162373917741,-0.0169342884224,-0.00442296323809,0.0754758024733,0.0993355453199,-0.0669406238218,0.0665518467185,-0.0190142740848,-0.129308207292,-0.132772381819,0.109514747509,-0.0676044750901,0.0662268332309,-0.17596765458,-0.0643022206934,-0.0962876720416,-0.158679627756,-0.00342201244838,0.130950382071,-0.181063130347,-0.128525942339,-0.119141707174,-0.200975137833,-0.264108672161,-0.186606982462,-0.170812438948,0.0488436387441,0.0175731874323,-0.0339640554651,-0.0287289829516,0.089506737993
0.349078199697,0.159146851944,0.26564470784,0.415812596131,0.453986533038,0.57979277233,0.578187847879,0.0169736464547,0.0221555099619,0.0543121862488,0.0575958187287,-0.0507308655125,0.0399330554288,0.0924791002267,0.112452873836,0.126489533059,-0.0770628781378,-0.0279493646971,0.0497334815483,0.0577455811476,-0.0681370435566,-0.046931772813,-0.0469117147475,0.08953753083,-0.0320874654005,0.00867861922356,0.0161873125181,-0.101588464664,-0.0461842704769,-0.0985606048465,-0.017330301455,-0.0775862698555,-0.0535181348302,-0.107047167179,0.0933954090001,0.0940941250375,-0.0212538612565,-0.0800058261594,-0.0149329358461,-0.0948717767234,-0.0457398107237,-0.0492534934828,-0.114739543164,-0.175520168819,-0.150042442838,-0.0709382324867,-0.206265535087,0.130198485193,0.0925500919568,0.031264465535,0.440115557869,0.201957411481,0.360795379476,0.558953859728,1.00002928858,0.548565821255,0.0745063522644,-0.00674507247033,0.0726284825085,0.0123394915728,0.0981817007556,0.0388904832686,-0.016718529459,0.0541175319258,0.11345126015,0.0805843987786,0.170247877792,-0.0518240231188,0.0861416686597,0.0667831013764,-0.061532688859,-0.0360037064945,0.103008251443,-0.00893924790524,-0.12406059087,-0.0032480278282,-0.0538579009024,-0.105167523658,-0.0514168158788,-0.0170066438649,-0.103962170204,-0.0291116817755,-0.111715375965,-0.0551239528961,-0.0934007397495,-0.13471611277,0.0168749683154,0.10709244132,-0.0924995111889,-0.0537390851366,0.00597985014273,-0.0790654595153,-0.172204629439,-0.110541870071,-0.148222596014,0.23788243844,0.128912326464,0.0786154721097,0.0337665380441,0.104773885879
0.43461232338,0.250150874264,0.346710749309,0.683486066524,0.478860122773,0.477301975156,0.717489896378,0.0230067943076,0.0466288637231,0.0764434111058,0.0265949380244,-0.109878661921,0.0156350877523,0.118056728898,0.243159362836,0.183449260873,-0.153385282076,-0.0973768376743,0.0567106670354,-0.00182388112672,-0.105109760969,-0.0499942286413,-0.0954255013951,0.0871209711103,-0.0797805429681,0.00119277610954,-0.0635886451389,-0.100781491114,-0.0614346434071,-0.113377122008,-0.0670836042114,-0.127951291921,-0.105196009794,-0.109598957926,0.0675660306248,0.0963021731325,-0.0407994330118,-0.144330245302,-0.0814938502341,-0.100835941774,-0.0683628929452,-0.058834765009,-0.178720871849,-0.200264802698,-0.178706941891,-0.115682435522,-0.217198654495,0.00423461904231,0.00529661651767,0.0327389099651,0.527488142727,0.325218176887,0.644829497416,0.563648281922,0.548565821255,1.00002928858,0.100697378085,-0.0140646858218,0.0721919938927,0.0399426399751,0.113413231751,0.0117468019632,-0.0560690394944,0.0344532880833,0.256233637468,0.073565427937,0.262745534297,-0.118000464921,0.0917635904853,0.0201181194373,-0.0979066277535,-0.0590404073563,0.0989667752951,-0.06355958814,-0.121310030738,0.00207833327911,-0.0970361129059,-0.0892810302649,-0.0644452326732,-0.0285341391339,-0.0924511497258,-0.0472042861627,-0.116668690251,-0.108226234173,-0.125758722535,-0.111012437596,-0.0133938272359,0.100179539491,-0.126183660663,-0.107806638877,-0.0490632469626,-0.0919635758937,-0.167850767318,-0.137544144149,-0.132731666323,0.0529525740987,0.0719019505148,0.0683978459688,0.0626498545332,0.125404804022
0.00276058490984,-0.126863753295,-0.0428688880981,0.0521504827658,0.0741898969217,0.0252869662214,0.0779087517597,0.0600840020576,-0.0135681845153,0.129210003767,0.123868698909,0.308450402575,0.408562384058,0.0189810549513,0.132364819648,0.0217612297102,0.162267912967,0.064978309455,-0.0598303439195,0.0645778824627,0.100968304714,0.0963033947558,0.154427291988,0.0301057805315,0.183304429698,0.0119610942258,0.0518758302402,-0.127867798086,-0.0149304290775,-0.0749384046071,-0.0865553153609,-0.0752696577945,0.0630400567963,-0.15159173489,-0.158742784739,-0.111046191036,-0.08372945443,-0.121744450223,-0.15168948364,-0.142633014582,-0.0839794018381,-0.0748852785052,-0.156491400065,-0.0746925982322,-0.11049588059,-0.057502926603,-0.0634902502851,-0.112049115891,-0.046869403561,0.0263876158571,0.0661834237529,-0.111659047344,0.0587165029349,0.0455159259511,0.0745063522644,0.100697378085,1.00002928858,0.337885542644,0.202917186382,0.0873545026711,0.203680386431,0.269367320372,0.411426821381,0.44979695755,0.128198578342,0.0625626059787,0.0468973292331,0.24366792122,-0.00137611051766,0.189687587992,0.23666995461,0.214536196353,0.0901682522162,0.237127043048,0.0288594468957,0.0848755532105,-0.0397060895351,-0.142650052037,0.00200279537992,0.102175698125,0.0437553977709,0.221327559192,-0.107130291969,-0.17497162706,-0.0959279104923,-0.150030174378,-0.10283418005,-0.177007980596,-0.146654892602,-0.0968087307352,-0.180805637907,-0.167484201439,-0.0924744564944,-0.108836142535,-0.0177983449439,-0.102185690879,-0.00944814033773,-0.030672575717,0.0381625420717,0.0987206008553
0.0819668800685,0.0150308531945,0.0711312956806,0.0386676880593,0.00389045957979,-0.0158004251451,-0.0300179729222,0.0430833016836,-0.233869272165,-0.0380981664542,-0.0948095592031,0.0549720705164,-0.0837898849115,0.0848267551174,0.0791896522324,0.0408896619181,0.138729168473,0.210488159123,-0.0356305130228,0.0816494404859,0.0316611634647,-0.070814292567,0.0522363747509,-0.0372039221134,0.102921091839,0.0037081751651,-0.0027506167341,0.0106559429383,-0.0557752276223,-0.0627264797471,-0.0202452422695,-0.0588590837047,0.0889406948943,-0.0948799107401,-0.0776237673289,-0.0423517423976,-0.0528549050583,-0.0796184398586,-0.0852239016007,-0.0626194447096,-0.0698684173428,-0.0809717673522,-0.12176471867,-0.0937379969284,-0.0733817862557,-0.0533674181742,-0.0878443276187,-0.0666646048778,-0.0717162863388,-0.00886632277779,0.0211167362207,-0.0188153630604,0.00226588236004,0.0382798822134,-0.00674507247033,-0.0140646858218,0.337885542644,1.00002928858,0.544356347165,0.099758765162,0.0547940249296,0.233137165892,0.137762557812,-0.044240369711,0.142673251661,0.0822520104107,0.0981163702211,0.447657339177,0.157602831431,0.302772576275,0.157745635676,0.0903070252171,0.0635303814785,0.171238007932,0.00492836494622,0.0423642302864,-0.0244591357081,-0.00560608711849,-0.0405390471377,0.164896444827,-0.014607769419,0.125717056461,-0.0699125734873,-0.0852586717452,-0.0675136021139,-0.0799714843167,-0.0780852021349,-0.081912468594,-0.0858346324361,-0.0518548932399,-0.110537246389,-0.050104346006,-0.0970203494087,-0.0714805654723,-0.0468163433311,-0.0594215453249,-0.0269436470056,-0.02345032059,-0.0229037697729,0.0390456267312
0.0847541996464,0.0540608453203,0.0638465703918,0.0523763343737,0.0477879863375,0.0512175221695,0.0506353665006,0.0349993767486,0.0699942271314,0.0211537063502,0.0159876524254,0.110907434034,-0.0715784822018,0.0860232659902,0.100745186514,0.147041565028,0.156420007122,0.237871842539,0.288405596666,0.168699580154,0.110634558974,0.00251584148723,0.0858339937247,0.151357593693,0.139919313309,0.0918309031808,0.0581451937932,-0.0164304642377,-0.108791500929,-0.155583002881,-0.0219403415586,-0.068755614791,0.0456753881962,-0.159426682319,0.0238056067003,0.152800251513,-0.0796686575361,-0.171823368871,-0.14990844337,-0.145361431651,-0.155849780907,-0.164241537137,-0.234990772883,-0.21436926588,-0.217616477933,-0.101960836351,-0.210618548678,-0.0711457610642,-0.0513924722208,-0.0171577125687,0.0381464265489,0.0215662621395,0.0311523411638,0.0632041764032,0.0726284825085,0.0721919938927,0.202917186382,0.544356347165,1.00002928858,0.334186081825,0.151903264573,0.289134714429,0.174736089522,-0.0343429973125,0.15422135645,0.142908128394,0.24375784202,0.434083066296,0.464698079147,0.361905958311,0.287333235541,0.166539954709,0.245493366184,0.239262947655,-0.0287193111738,0.126625330889,-0.0367942905986,-0.026036289175,-0.103160049086,0.21201640007,-0.0215159881484,0.0998270410768,-0.181523301125,-0.131501128932,-0.15724828513,-0.130711174833,-0.10305528356,0.0304202435999,-0.165076610378,-0.11771998437,-0.156928092521,-0.12937903538,-0.191969985036,-0.131251391861,-0.12310401839,-0.0331994763682,-0.0111841430455,-0.0258000345294,-0.0389132012558,0.0867452555383
0.00206451538512,-0.0054115420356,-0.0198437276648,-0.0134421876465,0.0178701675679,-0.00511603929456,0.0226312102671,-0.184043504077,0.471584943396,0.1026812597,0.0852559819785,0.0799268608738,-0.096543635982,-0.0509947512372,0.0688247043243,-0.0333581572031,-0.00530810257088,-0.0641761533529,0.18232332538,0.0593153390886,0.0956397078804,0.0168167576452,0.0801926582142,0.162686717027,0.170275803239,0.031776710451,0.0622321883351,-0.023125043713,-0.107027056147,-0.134558789824,-0.0746684269995,-0.0941298748005,-0.0218754581418,-0.133318065337,-0.0679452025053,0.0589857197568,-0.0622814815383,-0.135824497251,-0.108505954257,-0.0758827551742,-0.076701717504,-0.0717178942117,-0.145888497643,-0.0939250341587,-0.140788768136,-0.0570313307817,-0.11150091979,-0.0607627978163,-0.0356998666093,-0.00418925229403,-0.0196710727685,-0.0539619418605,-0.0306270659797,-0.00895519351898,0.0123394915728,0.0399426399751,0.0873545026711,0.099758765162,0.334186081825,1.00002928858,0.202759961536,0.246318986918,0.142335648256,-0.0803976745738,0.026433532892,0.0180377074346,0.00929728584158,0.0733097804235,0.350794581327,0.184871755491,0.199228033673,0.152831644353,0.191563991519,0.231397868676,-0.0253652271247,0.0609126557401,-0.032477398373,0.00898395468999,-0.0729076800779,0.0142771339698,-0.00551089176362,0.0417771410623,-0.115459346651,-0.122711123137,-0.103418038661,-0.07463859994,-0.0837993366048,-0.0395516885158,-0.103336493668,-0.0994012722497,-0.118100407747,-0.0763693193608,-0.0831436423128,-0.0669019617763,-0.0474121294483,-0.0544282918768,-0.0548452435444,-0.0351896575675,-0.0177925832176,0.0406112891476
-0.0737149727901,-0.130596176829,-0.161379427792,0.00070700155625,0.0533728697123,0.0088343204333,0.0936324950242,0.0100516375159,0.164037716077,0.438131858133,0.250440845852,0.0979008619114,0.068121908094,-0.118261588645,0.0445786324904,-0.0917383229736,-0.0830099503348,-0.0833755055529,0.0441931861302,-0.100756693508,0.00378282595608,0.164386574732,0.0299033357806,0.105237101398,-0.0409246394827,-0.0315291340841,0.0445452230008,-0.0306421826323,0.0274867853305,-0.107331558727,-0.147893768284,-0.0956654539373,-0.121211218368,-0.0566505753232,-0.0620436856452,-0.0386103251277,-0.00200699114082,-0.0599974861084,-0.0437715893597,0.0316139125982,0.0178274748606,-0.0409673507731,-0.105410727595,-0.0141165730533,-0.114390838028,0.00266078959467,-0.0706239054429,0.00842053455334,0.024271311179,0.00997223721171,0.0494410836348,-0.128982565436,0.0601237752055,-0.0238287845295,0.0981817007556,0.113413231751,0.203680386431,0.0547940249296,0.151903264573,0.202759961536,1.00002928858,0.364649761976,0.288451325297,0.13683508389,0.0643144825538,0.0758097838141,0.000765722939904,0.00706329256589,0.0725768611695,0.00927580390727,0.190259989069,0.210284331326,0.128343900417,0.0489116084386,-0.0134992341064,0.0462924624627,0.0714025007141,-0.0132362468943,0.0714553368385,-0.0462195429057,0.0714310601525,0.066465589842,0.0134045071642,-0.0761254146319,-0.0301282423123,0.00476122290557,0.0058217363331,-0.0583748863225,-0.0152450892879,-0.00738310228592,-0.0360683652952,0.0489156340714,0.019604690786,0.0340743920676,0.0780764194498,0.0258236770773,0.0642318362034,0.213356939776,0.23270049456,0.218745088664
-0.00351694404106,-0.03388928969,-0.0197862011751,-0.0598966840108,0.00768620607774,0.00908044915848,0.0095073643722,-0.0398326339274,0.0600802167475,0.135779077286,0.210997678207,0.266655261681,0.172624475671,0.00500760560685,0.0350892669459,-0.00848957122135,0.155113989221,0.0963778803145,0.0903531205818,0.0471277334019,0.123441716439,0.155463406695,0.162305800965,0.12672438592,0.128170683199,0.0620974253565,0.126986847848,-0.0781477070643,-0.00392686958152,-0.119579093798,-0.0623648237696,-0.0677208766906,0.0168465558626,-0.146223847843,-0.0350958509457,0.0248453214139,-0.0241388785134,-0.135835310881,-0.120382233293,-0.0963038571112,-0.0834565450957,-0.114924814894,-0.183471607416,-0.1117087196,-0.160660373248,-0.0285038897681,-0.135067437925,-0.0640747839481,-0.0146115984932,-0.0124943014281,-0.0124012588384,-0.0627297659848,-0.0669822752496,0.00787952746098,0.0388904832686,0.0117468019632,0.269367320372,0.233137165892,0.289134714429,0.246318986918,0.364649761976,1.00002928858,0.448895066795,0.232704216659,0.0652125761455,0.0607861495076,0.0258134664347,0.280156441991,0.191893305284,0.170595664216,0.327163456841,0.310495332327,0.159052559268,0.225935893736,-0.0527816197141,0.0621044668977,0.0259519262228,-0.0921494640465,0.000300379393224,0.0487367008196,0.01572569894,0.114159021688,-0.146297006819,-0.150931078589,-0.129609504191,-0.131363514922,-0.0224735011082,-0.0839878956195,-0.144992809183,-0.10813479343,-0.122064297109,-0.0984078688004,-0.114517711406,-0.0830500675715,-0.0286731350542,-0.029848191126,0.0128873138309,0.0134620231948,0.035856268222,0.0875947990431
-0.018985553345,-0.116537872611,-0.0293183662947,-0.125609167674,-0.0130821289322,-0.0291462645728,-0.0401540051315,0.0482336960663,0.0883664726842,0.124966740101,0.212476997027,0.504335611623,0.438856554533,0.0106711246856,0.0440984470508,0.0317645721366,0.365024479152,0.236083129049,0.116876460319,0.176626116551,0.259066219432,0.188664142575,0.298228404206,0.0869776387861,0.290803939754,0.131540274352,0.173112362678,-0.161871920782,-0.0245284203265,-0.150481623488,-0.0261957921179,-0.0363114810808,0.132682386862,-0.214359828166,-0.0828931766834,-0.0152598630582,-0.074000734533,-0.194709396449,-0.227831044035,-0.231483111178,-0.171370428989,-0.179044861693,-0.2599246708,-0.173582077528,-0.21117786175,-0.0944863471058,-0.151076382259,-0.150298402664,-0.0704883211459,0.0133125573476,-0.0338476881479,-0.095120619801,-0.119542397322,-0.00714369663179,-0.016718529459,-0.0560690394944,0.411426821381,0.137762557812,0.174736089522,0.142335648256,0.288451325297,0.448895066795,1.00002928858,0.509335062055,0.0738487870614,0.0601943054807,0.0233868696845,0.401695222208,0.138576570786,0.244529706315,0.508063474037,0.439681178284,0.136067370761,0.393373259731,0.0303733041795,0.175900791187,0.0284074967917,-0.190644808171,-0.0209363251513,0.155867295826,0.0804374305582,0.302673899673,-0.145091216468,-0.199876535343,-0.168702790293,-0.1905140057,-0.0801910688396,-0.127444504134,-0.215716507811,-0.162314092101,-0.229684817651,-0.233199120895,-0.161163585147,-0.154672863423,-0.00408449897382,-0.131782120153,-0.0456395239879,-0.0328327031674,0.0425910908857,0.121117866715
0.0360894810559,-0.0196827963489,-0.0172194649657,-0.0384329055169,0.0365204442734,0.0270493092613,0.0564860309131,-0.00226190847755,-0.0504138573871,0.101115763725,0.191099689586,0.318401836166,0.832208000706,-0.0212219246135,-0.044874954422,0.028122626434,0.177724798047,0.0483510734833,-0.0604934824311,0.0465980994269,-0.0150985649094,0.0993980343396,0.0595711916631,-0.0447712182072,0.0378090467722,0.0106112701212,0.00648823239748,-0.179063656207,0.0534005522012,-0.010731007555,-0.00652257083096,0.00295138218882,0.0164341457988,-0.0685382806783,-0.0372066602603,-0.0449207588799,-0.0371547081442,-0.016100694735,-0.0511261534346,-0.129400680395,-0.0424684097249,-0.0213297902177,-0.0777353587304,-0.037901004673,-0.0493051554492,-0.0453517551346,-0.0385621533864,-0.0396539221641,-0.00894150979029,-0.0240862991799,0.0343298044797,0.0117221467459,-0.0294815002748,0.0194253457728,0.0541175319258,0.0344532880833,0.44979695755,-0.044240369711,-0.0343429973125,-0.0803976745738,0.13683508389,0.232704216659,0.509335062055,1.00002928858,-0.000427362630497,-0.0209095272011,-0.0023372962026,0.173837171686,-0.071096231509,0.0389398403828,0.0863270437679,0.0965013233492,-0.0311660542603,0.0446073211962,-0.038529209103,0.0221509306413,-0.0561141476696,-0.198624991172,0.0419136157918,0.0076746051564,0.00217263024637,0.0824608202507,-0.0358680591266,-0.0463020484665,-0.0463788537301,-0.099039264246,-0.0264575464649,-0.066381673593,-0.0669325367236,-0.00802153066261,-0.0623628696938,-0.144055909579,-0.0604986701291,-0.109202029215,-0.0327868406107,-0.0310766673128,0.00264196981492,0.0054712839156,0.0215086065791,0.0158191881614
0.168730273639,0.17761786009,0.127524700653,0.308453895057,0.110963609706,0.0635418221488,0.164839362295,0.0763334947437,-0.00214957895166,-0.00842966160559,-0.0184388463234,0.0323494676813,-0.0278782148862,0.418781873856,0.359426007419,0.302322832256,0.117243480805,0.157786043821,0.0915898040655,0.109608669123,0.0330079489596,-0.0148625571849,0.0256367022512,0.0473271223026,0.0657931260772,0.0398659506049,-0.0239377262118,-0.088759181729,-0.0702974588286,-0.113700169609,0.0541159767886,-0.0522879015165,0.0963282191677,-0.209236372194,-0.0383660103594,0.0342666319017,-0.112710615186,-0.239456274556,-0.227202003333,-0.236787890293,-0.185640905615,-0.154561460304,-0.298823199264,-0.287621592209,-0.222629432723,-0.156461086068,-0.190423676048,-0.128641639852,-0.0513261764599,0.0642704237515,0.29737702911,0.243416049511,0.467233242723,0.138716983123,0.11345126015,0.256233637468,0.128198578342,0.142673251661,0.15422135645,0.026433532892,0.0643144825538,0.0652125761455,0.0738487870614,-0.000427362630497,1.00002928858,0.314570296755,0.418785539024,0.219619262043,0.139373218238,0.191774155078,0.178727724268,0.0811921189652,0.108721111041,0.098649291438,0.0268219579812,0.0648912699896,-0.10668576152,-0.123246783065,-0.0776370790331,0.319065395405,0.0705991506233,0.219770239521,-0.0539948388471,-0.102975234516,-0.129148296728,-0.148333492848,-0.0745909819817,0.000324257423149,-0.209530681123,-0.170790590748,-0.19093474026,-0.230624211666,-0.265518252377,-0.162380819295,-0.0959815905432,-0.074821895065,0.109721355348,-0.00297924464719,0.0827848214052,0.223536559727
-0.070584927775,-0.101561862272,-0.0777799482699,0.0403658222989,0.0125529996016,0.0215787284468,0.0664272581476,0.0329413321234,-0.00491126619665,-0.0392589627874,0.00747355964281,0.0218531152965,-0.0573565602126,0.15735670196,0.2357534366,0.24359243905,0.0843321249118,0.0781916710345,0.135833902391,0.096127532451,0.112363777707,0.0136645684098,0.0120590286045,0.179573139775,-0.018844086257,-0.00374944687472,-0.0490240225369,-0.0638133436764,-0.0404430989397,-0.079705380362,-0.0087765740935,-0.0449648356875,0.00626667461059,-0.203161282403,0.0579062789968,0.247899236933,-0.0884255131267,-0.0254764245523,-0.0205832342052,-0.0976056229256,-0.119081073642,-0.2032758899,-0.07870024224,-0.178476386579,-0.22684656369,-0.128025363063,-0.188434667487,0.126641514404,0.138362318718,0.0749984766064,0.0205597947,-0.0987691003363,0.163978577245,-0.00902021318959,0.0805843987786,0.073565427937,0.0625626059787,0.0822520104107,0.142908128394,0.0180377074346,0.0758097838141,0.0607861495076,0.0601943054807,-0.0209095272011,0.314570296755,1.00002928858,0.34483810993,0.156784382206,0.250732939403,0.199644724207,0.288991966324,0.103495273297,0.212207862534,0.0627538278871,0.0624836823423,0.0955681128429,-0.0573273525158,-0.0490367980544,0.0293092151102,0.236322785569,0.11481463501,0.174687340326,0.056475100311,0.0458274662096,-0.0453679796789,-0.111630264406,-0.0316340919905,0.214543382622,0.0733331235132,0.119252811694,0.0355577097035,-0.0339572078356,-0.0980412579628,-0.0514554382886,-0.0133756848964,0.217612392166,0.17342202579,0.0837264956193,0.0860960352392,0.334504443465
0.194408124735,0.221571166819,0.194382420701,0.309341272348,0.135350234684,0.168174749456,0.204699826904,0.0788125844338,0.00388921062359,-0.0484826075321,-0.0285948898094,0.00483246180738,-0.0164269975529,0.418664083983,0.193598314747,0.680139602812,0.209089781618,0.277784976926,0.288949426449,0.340764965649,0.135475023214,-0.0109341585504,0.068026199818,0.172914378292,0.0858033319239,0.148502393149,0.0404488742008,-0.131406152623,-0.144925002841,-0.12324162852,0.324725344432,0.128918294909,0.235320201025,-0.205295331132,0.186620685801,0.390856332848,-0.116053359741,-0.188483903126,-0.295663194006,-0.388702974281,-0.328180019698,-0.232536518512,-0.327479240438,-0.440310126867,-0.268520614877,-0.224456293398,-0.28258908382,-0.136864553928,-0.0383896231371,0.0603273557647,0.180372987498,0.228401431357,0.377749665033,0.215869677043,0.170247877792,0.262745534297,0.0468973292331,0.0981163702211,0.24375784202,0.00929728584158,0.000765722939904,0.0258134664347,0.0233868696845,-0.0023372962026,0.418785539024,0.34483810993,1.00002928858,0.293849852997,0.429643789798,0.403496624121,0.234484033127,0.105058895307,0.228122226388,0.135015599202,0.124723414594,0.209682156949,-0.0478068512459,-0.137140412939,-0.17135353853,0.574516311486,0.205513212209,0.296204821419,-0.0937502254965,0.0501107141573,-0.052704015285,-0.0970969948823,-0.0762361019825,0.305705383907,-0.2567063442,-0.0521112118117,-0.239101109287,-0.360467266506,-0.377246898102,-0.247610304551,-0.148862858093,-0.0400916130376,0.0402750940737,-0.0645141524666,-0.0416139266613,0.154762747118
0.0432095426679,-0.00758184786184,0.0932408622827,-0.113873095262,-0.0384459455948,-0.0256926304414,-0.101806231719,0.145733874409,-0.0516105607561,-0.0587246479806,0.0423007097557,0.361861539663,0.135204703678,0.205225052678,0.0892221756898,0.262918566262,0.570653426863,0.590849232038,0.260486189831,0.372802196718,0.281134245056,0.0716426845909,0.264759087017,0.0931691954638,0.312976595465,0.162319036062,0.156889671224,-0.133347654535,-0.0748297824567,-0.15112821432,0.127057807032,0.0399309626217,0.300766577615,-0.230640514495,-0.0187789917217,0.112793788301,-0.133816563504,-0.201360337262,-0.272364317241,-0.283052225907,-0.252811925874,-0.220772418022,-0.296708806672,-0.267309897913,-0.226135931969,-0.134066597745,-0.179709609442,-0.158643386281,-0.0832867078508,-0.00179682206835,-0.0438506715887,0.00235537535128,-0.125100976421,0.0373030943866,-0.0518240231188,-0.118000464921,0.24366792122,0.447657339177,0.434083066296,0.0733097804235,0.00706329256589,0.280156441991,0.401695222208,0.173837171686,0.219619262043,0.156784382206,0.293849852997,1.00002928858,0.341549553462,0.505365232381,0.540783035307,0.294670653197,0.15353260678,0.389330608649,0.0674441339061,0.190963217025,-0.0199758896318,-0.148421498104,-0.071501026443,0.46246021326,0.0931448275632,0.352200796735,-0.192343912747,-0.168084806928,-0.162671250469,-0.205829730303,-0.155837405153,-0.0513396636897,-0.270715329382,-0.152791340175,-0.283710936757,-0.295532231392,-0.269912644158,-0.207326251031,-0.112914381842,-0.129926314469,-0.0545477957664,-0.137414068389,-0.0943437427447,0.0560343252677
0.159335072702,0.164503558212,0.181306945662,0.0578798564036,0.0602708735116,0.113087988048,0.0842777791905,-0.021397762946,0.232457311362,-0.0279112327697,0.0512198156088,0.133748367744,-0.098219526342,0.166701008364,0.0915995485435,0.337552968162,0.235780894292,0.277821722668,0.569409095791,0.374795136241,0.292336877592,0.0510503320004,0.187563149974,0.352494236456,0.242157871551,0.271928544289,0.176032577326,-0.117817030811,-0.199716722794,-0.242928603028,0.107323996817,-0.0183942321379,0.108592191987,-0.25682167684,0.183800218155,0.531212757931,-0.0779780668779,-0.22766633693,-0.239359762464,-0.28825930092,-0.297323965103,-0.27149379352,-0.337208263869,-0.377155121836,-0.345925137238,-0.178015102325,-0.356532207509,-0.0813626631195,-0.0553848862075,0.00651965105911,0.0293944233457,0.147287400004,0.0296555521623,0.124370822923,0.0861416686597,0.0917635904853,-0.00137611051766,0.157602831431,0.464698079147,0.350794581327,0.0725768611695,0.191893305284,0.138576570786,-0.071096231509,0.139373218238,0.250732939403,0.429643789798,0.341549553462,1.00002928858,0.492277419725,0.440333396615,0.222560136563,0.392302522143,0.351918746307,0.0127317882042,0.310572808069,-0.00329056939604,-0.103292255061,-0.17668081882,0.306405577053,0.0246937681517,0.150712533637,-0.247975734979,-0.143127004522,-0.199862048087,-0.18774489933,-0.0800287915308,0.253337876504,-0.26753958285,-0.113845255018,-0.222265264117,-0.255968834326,-0.326057357829,-0.250589173205,-0.200050879301,-0.00814527448029,-0.0377112580609,-0.0840909441394,-0.0896691382544,0.11789940103
0.216865782829,0.12743252606,0.208210060782,0.0635525932584,0.0481550458935,0.108607251796,0.0118582788144,0.0825364660454,0.0743546066749,-0.0613578617638,0.0167509754076,0.257950594373,0.0209800205262,0.258306655327,0.110255149505,0.38394417525,0.40425563667,0.409822554358,0.345845369001,0.588503454856,0.334559771623,0.0348627212096,0.330875865547,0.245735386082,0.444080086135,0.319571430787,0.280531966399,-0.209725998978,-0.189395583288,-0.222306730616,0.196442563914,0.0570219832158,0.350654790873,-0.293108767258,0.0766037157571,0.305398190744,-0.104036624918,-0.240198152556,-0.38447203235,-0.395528334268,-0.357177139,-0.279558964257,-0.42318419713,-0.441385880907,-0.301800724978,-0.186406093837,-0.334565223967,-0.184400277519,-0.108563627451,0.0830592133494,0.0578158858359,0.145725405914,0.0392567295418,0.162373917741,0.0667831013764,0.0201181194373,0.189687587992,0.302772576275,0.361905958311,0.184871755491,0.00927580390727,0.170595664216,0.244529706315,0.0389398403828,0.191774155078,0.199644724207,0.403496624121,0.505365232381,0.492277419725,1.00002928858,0.487373233771,0.341836658009,0.304886645647,0.544692933007,0.12302950696,0.402393961798,0.0989603676186,-0.163830700856,-0.147845534729,0.490850572664,0.146863178208,0.449423566631,-0.235284173695,-0.14878368414,-0.0904079742739,-0.16674600196,-0.118178140848,0.107666019754,-0.333811533409,-0.0605236930309,-0.358917989728,-0.374118502633,-0.377191662061,-0.246929290164,-0.153617866824,-0.113017361405,-0.0508229264039,-0.117137895439,-0.0797906820804,0.181786696903
-0.0680586991672,-0.145962867138,-0.0252218792736,-0.142761808992,-0.0500535891074,-0.0577667682757,-0.0954186658831,0.0778851551095,0.168778047537,0.0589562422089,0.144416719923,0.468659638821,0.0536030009426,0.142923395171,0.146330586132,0.195484078537,0.497483736551,0.36627231682,0.341194712533,0.370179086176,0.579055511822,0.24248384736,0.468898029904,0.276985272056,0.429403578677,0.313149819791,0.277290161772,-0.141671025491,-0.129691131461,-0.22760577452,0.0636827059145,0.0249790736766,0.297460479197,-0.313996581077,-0.0430778641819,0.203695465778,-0.134942374415,-0.308225750572,-0.413818648672,-0.365652619443,-0.343612213658,-0.317303086517,-0.402683868844,-0.338305437483,-0.34023537758,-0.10921930494,-0.226139000893,-0.2242927596,-0.119353852824,0.10606273919,-0.108222147187,-0.131542989191,-0.119620836917,-0.0169342884224,-0.061532688859,-0.0979066277535,0.23666995461,0.157745635676,0.287333235541,0.199228033673,0.190259989069,0.327163456841,0.508063474037,0.0863270437679,0.178727724268,0.288991966324,0.234484033127,0.540783035307,0.440333396615,0.487373233771,1.00002928858,0.562740864421,0.351732475946,0.591589286408,0.256373237941,0.418538482119,0.109317913559,-0.168186072857,-0.11447953465,0.447593659931,0.27097803217,0.51195460404,-0.26336409613,-0.278587858331,-0.18818743425,-0.230924649942,-0.148934964895,-0.0513137371003,-0.317423407046,-0.211915153955,-0.412494915641,-0.375637146678,-0.27664340459,-0.201888986627,0.0135721048902,-0.182369715821,-0.0815949606471,-0.142840827314,-0.0219752996879,0.277891017935
-0.0241635553333,-0.0893237398319,-0.0161620704203,-0.0838620652145,-0.0182406592317,-0.0146371349892,-0.0629981828673,0.0419614887339,0.124817929496,0.100282616808,0.153420942912,0.335019169256,0.0736596847191,0.0701058628759,0.0763102385832,0.0925691474007,0.308595672648,0.191507348822,0.166713131086,0.253982325936,0.398239727046,0.240642133287,0.453838280608,0.216999228961,0.35356862709,0.271316585454,0.313522384431,-0.142117810428,-0.110253920175,-0.211609289074,0.0483512027999,0.0136084080644,0.219272717581,-0.24000053003,-0.0545419714132,0.0826086545599,-0.101216020163,-0.272575653168,-0.37635694868,-0.293063236037,-0.294277854947,-0.232146956393,-0.37596868903,-0.26651089112,-0.268879913942,-0.00590218615952,-0.183467768593,-0.203842574339,-0.105332254506,0.0986690160456,-0.0549465647663,-0.0821931715903,-0.0734660036084,-0.00442296323809,-0.0360037064945,-0.0590404073563,0.214536196353,0.0903070252171,0.166539954709,0.152831644353,0.210284331326,0.310495332327,0.439681178284,0.0965013233492,0.0811921189652,0.103495273297,0.105058895307,0.294670653197,0.222560136563,0.341836658009,0.562740864421,1.00002928858,0.279198233522,0.47736534288,0.230747443812,0.375809179081,0.252770766704,-0.125808576125,-0.0520459014849,0.294780329114,0.277132286757,0.456958154922,-0.198104733084,-0.205137347351,-0.0667208477824,-0.105044674607,-0.0942265946908,-0.0495218134194,-0.258398157442,-0.144571267423,-0.343986070782,-0.274813017265,-0.166724607749,-0.0482748052609,0.140707782987,-0.180986194798,-0.0614046071993,-0.00271467322669,0.0790020491947,0.242921327522
0.0506719041522,0.0310497234126,0.0430441984752,0.0721773509243,0.0759579769194,0.0910317391561,0.106080502102,0.0540048345553,0.14109136591,0.0886161689658,0.137298750147,0.156329638213,-0.0327048410181,0.0966975362803,0.119231141244,0.16824298838,0.15509352308,0.124625010928,0.26930256311,0.201826272852,0.290122943372,0.137520614443,0.209779094026,0.414694535954,0.172154639524,0.226369407979,0.18213958927,-0.0999804537681,-0.12787215714,-0.203223498664,-1.51737282367e-06,-0.0598748591578,0.0476062944973,-0.206979930754,0.10135361632,0.265847283426,0.0409393614927,-0.187743342666,-0.157827755664,-0.18439182347,-0.212924075266,-0.212273824068,-0.269474697139,-0.28145077726,-0.291184680627,-0.106944303084,-0.285773574122,-0.0408256531673,-0.00326263796146,0.0812400593433,0.0406645177802,0.0199028530388,0.0599693795341,0.0754758024733,0.103008251443,0.0989667752951,0.0901682522162,0.0635303814785,0.245493366184,0.191563991519,0.128343900417,0.159052559268,0.136067370761,-0.0311660542603,0.108721111041,0.212207862534,0.228122226388,0.15353260678,0.392302522143,0.304886645647,0.351732475946,0.279198233522,1.00002928858,0.276023307294,0.0524795585992,0.284896580121,0.075333971167,-0.0662078255946,-0.0751295163016,0.183125698354,0.0624485200376,0.1607372472,-0.215080739968,-0.177123780153,-0.166866279083,-0.151618591202,0.0809267670315,0.176188342543,-0.218639196419,-0.0924026060694,-0.112019416396,-0.176905233307,-0.222808150426,-0.150035411118,-0.0893401613799,0.00897813254666,0.0178538011441,-0.0228495271617,-0.0242649323097,0.167677682589
0.123184514308,-0.00887842344028,0.148417506431,-0.0362888150734,0.00421907869395,0.0473735273219,-0.0712782391478,0.102288603032,0.199475352357,0.00978610802563,0.107582401292,0.450629606277,0.0799424591783,0.159739285157,0.112479145667,0.179969543767,0.439834821989,0.360304298643,0.30458575855,0.493611751889,0.474382233088,0.143215215326,0.513185538247,0.227357201427,0.618899204877,0.348062747227,0.407917598466,-0.200186223413,-0.175510159067,-0.233805638565,0.110006551655,0.0186455880585,0.389564230156,-0.316888423556,-0.0282585149215,0.141642954588,-0.0965660715952,-0.303741027384,-0.426340353937,-0.376073041102,-0.344865988111,-0.259905196217,-0.423773643088,-0.357541734443,-0.277354936805,-0.102059946482,-0.25323338544,-0.249486743432,-0.16046593133,0.14175480396,-0.000314313884118,0.0285672634601,-0.0698765852121,0.0993355453199,-0.00893924790524,-0.06355958814,0.237127043048,0.171238007932,0.239262947655,0.231397868676,0.0489116084386,0.225935893736,0.393373259731,0.0446073211962,0.098649291438,0.0627538278871,0.135015599202,0.389330608649,0.351918746307,0.544692933007,0.591589286408,0.47736534288,0.276023307294,1.00002928858,0.16634271643,0.40788190632,0.217417002386,-0.18448053268,-0.158810981856,0.358219461885,0.135841361193,0.483133960821,-0.280453730097,-0.269020275186,-0.150524818283,-0.229849124003,-0.126361655224,-0.0513227264014,-0.355426320356,-0.197897276489,-0.423057319997,-0.373678051872,-0.294339598967,-0.214457468542,-0.0381678775418,-0.218002002437,-0.118956525783,-0.145922667256,-0.0360503899218,0.210099411994
-0.11462897918,-0.0679346004897,-0.0741001840209,-0.0967691302561,-0.105242602426,-0.113472237524,-0.121682496794,-0.010041706366,-0.0296108777864,-0.0295583704426,-0.0525018720224,0.028985770937,-0.0545097751805,-0.00399997092767,-0.0215266200202,0.0440168977895,0.0726256641057,0.0255214278993,-0.0272345895527,0.0746305619469,0.230533864622,0.0210555850623,0.173003758513,-0.00550879292801,0.102620873542,0.158761867247,0.0521005418312,-0.0756212323576,-0.157962382897,0.0224816980214,0.281319449807,0.165625933307,0.17758755524,0.00742588933047,-0.0154180097795,0.0423880588326,-0.0632358746746,-0.0809020541499,-0.318190060427,-0.340386014166,-0.259010676063,-0.0562346131124,-0.0615935055665,-0.16067092698,0.0649629312726,-0.0131120186278,0.0214462653902,-0.30281939121,-0.212811946259,0.0946048828448,-0.125190363309,-0.0956691299827,-0.100491675112,-0.0669406238218,-0.12406059087,-0.121310030738,0.0288594468957,0.00492836494622,-0.0287193111738,-0.0253652271247,-0.0134992341064,-0.0527816197141,0.0303733041795,-0.038529209103,0.0268219579812,0.0624836823423,0.124723414594,0.0674441339061,0.0127317882042,0.12302950696,0.256373237941,0.230747443812,0.0524795585992,0.16634271643,1.00002928858,0.386322922093,0.305056600669,-0.0328031526682,-0.0930303309833,0.454086477343,0.515701862542,0.413300397444,0.257435003381,0.36258008879,0.484121144109,0.325369875742,-0.00283668880263,0.133732036509,0.268787054144,0.218134653313,-0.238392677616,-0.264230414101,0.113502280723,0.037324071567,0.319247814322,-0.264797716205,-0.159176592329,-0.136923282216,0.206174840698,0.271052283979
0.0691985516995,0.0643365400548,0.0626541834053,0.0165849046736,-0.00911733370121,0.0319902331123,-0.00954015549648,0.020471410199,0.0665844206643,-0.0165453771742,0.0132406527524,0.16356362143,0.00134995419272,0.0842239590988,0.0281781771988,0.160988676771,0.203205136953,0.163476171971,0.202112085256,0.313604759801,0.31718519587,0.0680987403324,0.300229218159,0.204299893509,0.28901086631,0.518011980925,0.278934625299,-0.218501415924,-0.232274187934,-0.246091315539,0.103886692253,0.0289411096513,0.148993221533,-0.118893766902,0.0977957071127,0.275637154761,-0.0518051273077,-0.171043511304,-0.356697531184,-0.361550331519,-0.356484319574,-0.257585455387,-0.359857663352,-0.309387435684,-0.238759047037,-0.0974575078212,-0.318312609845,-0.231583963928,-0.162800386014,0.0841308146587,-0.027215601706,0.0623859464436,0.00516618911358,0.0665518467185,-0.0032480278282,0.00207833327911,0.0848755532105,0.0423642302864,0.126625330889,0.0609126557401,0.0462924624627,0.0621044668977,0.175900791187,0.0221509306413,0.0648912699896,0.0955681128429,0.209682156949,0.190963217025,0.310572808069,0.402393961798,0.418538482119,0.375809179081,0.284896580121,0.40788190632,0.386322922093,1.00002928858,0.331798657148,-0.107832881166,-0.0909616459067,0.332698792439,0.340468992053,0.378468709388,-0.148677426737,-0.0544807974895,0.127448657577,0.133876346302,-0.0154647681036,0.200943969711,-0.114744427514,0.129172713975,-0.298081715143,-0.273436437123,-0.0636354723611,-0.119180624363,0.0570017768394,-0.159223912428,-0.121215005629,-0.0865568785916,0.0567605068751,0.263347046308
-0.0531828946757,-0.0262994416386,-0.0393462643405,-0.0899504406542,-0.0739455409335,-0.02048904718,-0.0835106380877,-0.0486688005056,-0.00362742787184,0.0242945064057,0.0194982748027,0.0214203108535,-0.0533171986047,-0.0830192002323,-0.0851990914408,-0.0575932403689,0.0104897639755,-0.013927844426,-0.0184602028793,0.0854732020274,0.0815590981627,0.0489862194006,0.23249118112,0.0667200344797,0.0967234282954,0.236287515406,0.291008018391,-0.0317727920664,-0.110282592632,-0.110965436488,0.0634608673484,0.0886387575846,0.108222570138,0.0521675790779,0.0628584172331,0.0181268307907,0.0643994445805,-0.0110862693931,-0.122130960402,-0.0378764996961,-0.127571183339,-0.0717186575091,-0.130118017308,-0.0176906892938,-0.00457091083379,0.164599491722,-0.0627459841158,-0.0742319045787,-0.0696943958498,0.00182178320634,-0.069815887488,-0.0658938313192,-0.104826071625,-0.0190142740848,-0.0538579009024,-0.0970361129059,-0.0397060895351,-0.0244591357081,-0.0367942905986,-0.032477398373,0.0714025007141,0.0259519262228,0.0284074967917,-0.0561141476696,-0.10668576152,-0.0573273525158,-0.0478068512459,-0.0199758896318,-0.00329056939604,0.0989603676186,0.109317913559,0.252770766704,0.075333971167,0.217417002386,0.305056600669,0.331798657148,1.00002928858,-0.0175167331224,-0.0628921644652,0.129564479544,0.266895583867,0.215272279739,0.047883444003,0.139883808719,0.26714873201,0.193478709595,0.0951121970457,0.115691105142,0.0846579979752,0.210044717792,-0.0792850472957,0.0429976310602,0.159009044767,0.14699071751,0.188799203753,-0.0568336491679,-0.067779827108,0.00284535033469,0.0923985559149,0.122550090201
-0.171268530338,-0.148413612036,-0.175921532023,-0.104731569522,-0.1023772305,-0.0881431487762,-0.0851443230997,-0.0411707110718,-0.00999467977382,0.00353736426021,-0.0578250246312,-0.177557418653,-0.215155194173,-0.169762385861,-0.08149465738,-0.177333062516,-0.184216498781,-0.138606231682,-0.12228135359,-0.24380760803,-0.134250725426,-0.0862409777261,-0.189347229148,-0.1194342173,-0.172069780225,-0.233439438539,-0.114193727729,0.337170397433,-0.111523620281,0.0309139415192,-0.131058769246,-0.0989383133651,-0.173641121961,0.108873258734,-0.0894309528654,-0.126444629184,0.0204423930604,0.0324344790946,0.099692786848,0.348921806788,0.127866599521,0.0662278685004,0.145506875884,0.160665965931,0.0749711775886,0.0586398334549,0.14360656174,0.0653848097312,-0.00596321390399,-0.0701775970648,-0.143105222272,-0.162943090141,-0.0845285651852,-0.129308207292,-0.105167523658,-0.0892810302649,-0.142650052037,-0.00560608711849,-0.026036289175,0.00898395468999,-0.0132362468943,-0.0921494640465,-0.190644808171,-0.198624991172,-0.123246783065,-0.0490367980544,-0.137140412939,-0.148421498104,-0.103292255061,-0.163830700856,-0.168186072857,-0.125808576125,-0.0662078255946,-0.18448053268,-0.0328031526682,-0.107832881166,-0.0175167331224,1.00002928858,0.122359128857,-0.158748750622,0.0476292194445,-0.10493506676,0.147270707332,0.0644855659588,0.0926044173451,0.320080628044,0.0168908312405,-0.0728777601608,0.147186701805,0.0795334320211,0.117107599286,0.388985069387,0.199944463536,0.358038988998,0.13824841047,0.0235913557134,-0.0432101513628,-0.00765775968857,-0.0128292627946,-0.10624216495
-0.114596417481,-0.111885760247,-0.169929825534,-0.105268902467,-0.0637169458987,-0.087522247785,-0.0515121970935,-0.0388786729864,-0.0852410140602,-0.0324887318465,0.00317762451549,-0.0907577640666,0.0179526965547,-0.114572918146,-0.0854718295702,-0.165757892996,-0.109855000695,-0.100292747282,-0.162198974,-0.20435990618,-0.144281320691,0.00760871076815,-0.168636727725,-0.0637952545835,-0.174517870198,-0.193771692754,-0.133188568906,-0.141009906337,0.20444574321,0.0478692658088,-0.183179230063,-0.129952791772,-0.196431956072,-0.020005356183,-0.110585510565,-0.162518779861,0.0382085173096,0.059572048139,0.150018754536,0.166457101168,0.250611147291,0.107635596286,0.15491615645,0.208728580703,0.0511486235345,0.017201034821,0.0907901710484,0.0935994381679,0.108642466874,-0.00963570892079,-0.0915932786273,-0.120870229587,-0.0646870775835,-0.132772381819,-0.0514168158788,-0.0644452326732,0.00200279537992,-0.0405390471377,-0.103160049086,-0.0729076800779,0.0714553368385,0.000300379393224,-0.0209363251513,0.0419136157918,-0.0776370790331,0.0293092151102,-0.17135353853,-0.071501026443,-0.17668081882,-0.147845534729,-0.11447953465,-0.0520459014849,-0.0751295163016,-0.158810981856,-0.0930303309833,-0.0909616459067,-0.0628921644652,0.122359128857,1.00002928858,-0.189464697993,-0.0314496468869,-0.0930894502062,0.232663701134,-0.0179999885339,0.0474255930959,0.109437280844,0.0432283395361,-0.118111563887,0.179745503952,0.0678296350821,0.155850128482,0.201176908882,0.277628081365,0.258370154138,0.179090286948,0.0793588061675,0.149098495225,0.246313580231,0.146771835884,-0.00280954066382
0.079580743595,0.0918955315896,0.135605763097,0.0426814116103,-0.0178262971689,0.0200978069942,-0.0419931068031,0.0834917016131,-0.0262520808713,-0.0766675591012,-0.0321325332822,0.16889070907,0.00116518840061,0.380023669125,0.119708325049,0.502757137093,0.39351516749,0.396705329352,0.212408159699,0.422356558486,0.32898990139,0.0232756991444,0.275474166629,0.1229837672,0.294395355649,0.222605572382,0.151852335294,-0.156679665919,-0.188012312103,-0.113132813425,0.486767769107,0.247023889004,0.437864774154,-0.221368798883,0.122544101945,0.242170372365,-0.124668130873,-0.251328521741,-0.433771549495,-0.520834816832,-0.440906493084,-0.242991469181,-0.378278964811,-0.490095460518,-0.218644812455,-0.20665865605,-0.214205498699,-0.297261876371,-0.155393867779,0.13488606017,-0.00496511955591,0.0864412950118,0.0558971122386,0.109514747509,-0.0170066438649,-0.0285341391339,0.102175698125,0.164896444827,0.21201640007,0.0142771339698,-0.0462195429057,0.0487367008196,0.155867295826,0.0076746051564,0.319065395405,0.236322785569,0.574516311486,0.46246021326,0.306405577053,0.490850572664,0.447593659931,0.294780329114,0.183125698354,0.358219461885,0.454086477343,0.332698792439,0.129564479544,-0.158748750622,-0.189464697993,1.00002928858,0.432549311175,0.576891153411,-0.0439820738618,0.152548511706,0.110148474353,-0.00952802418686,-0.103276899374,0.22852102096,-0.236317183496,-0.0321894327614,-0.36992904634,-0.496338452021,-0.362748760282,-0.21616214687,-0.0245081331297,-0.205486369056,-0.0676872026272,-0.178432924477,-0.0168710928371,0.227750460402
-0.121784422133,-0.079040482339,-0.104327614824,-0.0835199504203,-0.0818233072645,-0.0957442200385,-0.103847556802,-0.0383459763836,-0.0326706951137,0.0209888771001,-0.027748419666,0.017166019187,-0.0573285787507,0.105724001635,-0.0112113693827,0.13592742761,0.0816817296783,0.0200775561329,-0.0432625695648,0.0527900036772,0.163726640536,0.0582227627512,0.118260848231,-0.00841796231092,0.0140726677077,0.0479970561912,0.0595538843681,-0.0450897072105,-0.123525839027,0.0151741000473,0.279438882218,0.268785085674,0.194470542274,-0.0509818947089,0.021719302541,0.0226109650088,-0.0769650745065,-0.0806873608189,-0.300118469664,-0.283089008483,-0.255586010155,-0.120956575485,-0.163866668786,-0.189295575802,-0.0595103453675,-0.0576654678759,0.0207088110873,-0.198324174433,-0.081222500724,0.050173913076,-0.131099795635,-0.117520663977,-0.0451837367596,-0.0676044750901,-0.103962170204,-0.0924511497258,0.0437553977709,-0.014607769419,-0.0215159881484,-0.00551089176362,0.0714310601525,0.01572569894,0.0804374305582,0.00217263024637,0.0705991506233,0.11481463501,0.205513212209,0.0931448275632,0.0246937681517,0.146863178208,0.27097803217,0.277132286757,0.0624485200376,0.135841361193,0.515701862542,0.340468992053,0.266895583867,0.0476292194445,-0.0314496468869,0.432549311175,1.00002928858,0.50623739273,0.204025899776,0.266985969781,0.38127726804,0.364929173988,-0.0125654101509,0.116382859801,0.0107219504129,0.199339912773,-0.205413549975,-0.206367213756,0.0336442522868,0.119545228034,0.327249278076,-0.131942019198,-0.0550699158535,-0.0980700719427,0.0567096821114,0.162398838419
0.0534647318679,-0.0201097769533,0.057054103021,0.00619633821737,-0.0152779685663,-0.00287580832542,-0.0742630110018,0.0829946613544,0.0195311483643,-0.00219793916863,0.0265969721479,0.235051628869,0.0122549907219,0.249072620137,0.111407703624,0.267190806103,0.317023014507,0.267981290851,0.105495086567,0.34266767718,0.3543944744,0.085637224024,0.350686266114,0.0892013988024,0.367614538649,0.179352152043,0.228506897385,-0.159054787922,-0.165935784802,-0.138061677103,0.262739767026,0.146330735088,0.409735642236,-0.268011272351,-0.0658338867552,0.0619768226663,-0.144078003722,-0.266916992543,-0.45190783693,-0.439252687228,-0.350186785453,-0.179215063281,-0.363395934325,-0.353882082174,-0.185493582685,-0.0802352163066,-0.126972673778,-0.300205659654,-0.158662239683,0.184846384999,-0.0074569768406,-0.000295835788732,0.0405681194378,0.0662268332309,-0.0291116817755,-0.0472042861627,0.221327559192,0.125717056461,0.0998270410768,0.0417771410623,0.066465589842,0.114159021688,0.302673899673,0.0824608202507,0.219770239521,0.174687340326,0.296204821419,0.352200796735,0.150712533637,0.449423566631,0.51195460404,0.456958154922,0.1607372472,0.483133960821,0.413300397444,0.378468709388,0.215272279739,-0.10493506676,-0.0930894502062,0.576891153411,0.50623739273,1.00002928858,-0.0265477105822,-0.0221234241464,0.177973395245,0.0010043310812,-0.126141489969,0.0043763759389,-0.200999337154,-0.0182616580181,-0.384205359533,-0.389016807892,-0.168680639509,-0.0590868431312,0.258929414468,-0.228348199924,-0.0693226330529,-0.0913861574795,0.125562365978,0.353605973863
-0.169097999658,-0.0815723718236,-0.19014793289,-0.118268024192,-0.119355050133,-0.142980972718,-0.116394105854,-0.101697280761,-0.1170458336,-0.0739464192177,-0.101595372507,-0.271332810103,-0.0995010166534,-0.147046310582,-0.147122135296,-0.160434805568,-0.280017953783,-0.216462486266,-0.245646951991,-0.277749821457,-0.302756277124,-0.143315050521,-0.276925497712,-0.232169450022,-0.289550507385,-0.308654654415,-0.220318329926,0.0533411420349,0.0683908134728,0.261153135745,0.0379885283829,0.00370601454039,-0.187050313341,0.129713704417,-0.0639908462934,-0.196218661371,0.0508959825215,0.202019150824,0.19964024317,0.135593761722,0.181294525463,0.16979664772,0.299506606377,0.191113692257,0.218819630396,0.0132128638271,0.190117521389,0.0331529844808,0.0236417654753,-0.112883824607,-0.104234618022,-0.101488998148,-0.0500972323429,-0.17596765458,-0.111715375965,-0.116668690251,-0.107130291969,-0.0699125734873,-0.181523301125,-0.115459346651,0.0134045071642,-0.146297006819,-0.145091216468,-0.0358680591266,-0.0539948388471,0.056475100311,-0.0937502254965,-0.192343912747,-0.247975734979,-0.235284173695,-0.26336409613,-0.198104733084,-0.215080739968,-0.280453730097,0.257435003381,-0.148677426737,0.047883444003,0.147270707332,0.232663701134,-0.0439820738618,0.204025899776,-0.0265477105822,1.00002928858,0.541669946344,0.432034585125,0.419711367168,0.130643802377,0.0614784074343,0.529249055978,0.393473430792,0.289134043662,0.239888202002,0.363922889015,0.278382171137,0.276537786812,0.039794169925,0.0492809111229,0.148469555795,0.227088282306,2.27246855044e-06
-0.0693355489941,0.0641699879916,-0.0539288800198,-0.101261603359,-0.101183714094,-0.0635632133576,-0.0845785741384,-0.13215469566,-0.145661622404,-0.10877742077,-0.129130909475,-0.262760355355,-0.0941193116222,-0.0594904800228,-0.209319680228,-0.021598437439,-0.222012773174,-0.147367709408,-0.167750492644,-0.150241567458,-0.270610321979,-0.183116647706,-0.234061796758,-0.162832411787,-0.237702103458,-0.172470512564,-0.141523162055,0.0140538964298,-0.0316946189949,0.205265348246,0.34557326272,0.191735945508,-0.0667435108502,0.213141435897,0.290407078704,0.00726236308244,0.108521344636,0.228536826541,0.186060256091,-0.0496483235464,0.00140988613619,0.112682598877,0.264221933629,-0.0107560782063,0.212362078578,-0.0569306173849,0.0612406647731,0.0694212055782,0.00353295504856,-0.0959092208993,-0.0889806153829,0.0154024831133,-0.0870635785192,-0.0643022206934,-0.0551239528961,-0.108226234173,-0.17497162706,-0.0852586717452,-0.131501128932,-0.122711123137,-0.0761254146319,-0.150931078589,-0.199876535343,-0.0463020484665,-0.102975234516,0.0458274662096,0.0501107141573,-0.168084806928,-0.143127004522,-0.14878368414,-0.278587858331,-0.205137347351,-0.177123780153,-0.269020275186,0.36258008879,-0.0544807974895,0.139883808719,0.0644855659588,-0.0179999885339,0.152548511706,0.266985969781,-0.0221234241464,0.541669946344,1.00002928858,0.59187116089,0.475260452958,0.212906594852,0.434204909581,0.524079024994,0.524002051568,0.314094340224,0.0675259243908,0.163993999084,0.124448314094,0.0957309568247,0.118901144389,0.00408041797412,0.0202112776925,0.117739558929,-0.0297562471002
-0.100860075853,-0.0223699252656,-0.129060336278,-0.0999841766795,-0.0936217416171,-0.0880852352654,-0.122620123183,-0.113114025555,-0.127828538563,-0.0610956312255,-0.104756703482,-0.226845043107,-0.109841425871,-0.1023856231,-0.172726154067,-0.0985212027942,-0.221375262963,-0.1861627689,-0.222605813859,-0.136998471973,-0.180004341098,-0.108256233308,-0.138119206686,-0.170139673024,-0.16386816076,-0.0967766137999,-0.0770776855584,0.00124375873478,-0.0427499729156,0.112972346952,0.194669218172,0.154898324347,-0.0242636762246,0.187158713778,0.0396336426992,-0.0981131586816,0.0161063729044,0.154528861779,0.00804326355367,-0.0712543653031,0.0188484684349,0.151141857308,0.193255169474,0.0900154007181,0.300529086975,0.0844467277138,0.171815624045,-0.0673452107823,-0.057930388058,-0.00537216671384,-0.0924685135089,-0.0698383953094,-0.0704268879497,-0.0962876720416,-0.0934007397495,-0.125758722535,-0.0959279104923,-0.0675136021139,-0.15724828513,-0.103418038661,-0.0301282423123,-0.129609504191,-0.168702790293,-0.0463788537301,-0.129148296728,-0.0453679796789,-0.052704015285,-0.162671250469,-0.199862048087,-0.0904079742739,-0.18818743425,-0.0667208477824,-0.166866279083,-0.150524818283,0.484121144109,0.127448657577,0.26714873201,0.0926044173451,0.0474255930959,0.110148474353,0.38127726804,0.177973395245,0.432034585125,0.59187116089,1.00002928858,0.543593104726,0.0777350628534,0.196073418056,0.525191116368,0.488252244962,0.130024318906,0.0511332257899,0.384644559153,0.246386037164,0.406426520506,-0.0297014642461,-0.0651641993612,0.040273038104,0.243340292897,0.107989682237
-0.16476401465,-0.0597514167667,-0.203854270592,-0.112092130271,-0.132907731441,-0.142953204016,-0.119775536574,-0.120672664111,-0.0942585267932,-0.0293234014239,-0.110588048665,-0.252468568347,-0.148699962565,-0.182315203333,-0.156103627407,-0.162467764707,-0.248803257778,-0.2132679353,-0.213014527175,-0.225150057349,-0.226976052276,-0.12996684603,-0.218895612744,-0.193515351283,-0.23425774961,-0.125268150129,-0.144635280015,0.0928131232461,-0.0611450607538,0.0972288826793,0.0557709233435,0.0607261331631,-0.154104558898,0.319939679648,0.00761123690214,-0.136573422309,0.0211365322895,0.121911545556,0.0401645304086,0.0869073808446,0.0445876022447,0.109887194175,0.15116028512,0.106688926101,0.173294559718,0.0360908311691,0.136483365218,-0.0603787178831,-0.0552291203819,-0.0992445347762,-0.147347257265,-0.0995094373407,-0.0846352038233,-0.158679627756,-0.13471611277,-0.111012437596,-0.150030174378,-0.0799714843167,-0.130711174833,-0.07463859994,0.00476122290557,-0.131363514922,-0.1905140057,-0.099039264246,-0.148333492848,-0.111630264406,-0.0970969948823,-0.205829730303,-0.18774489933,-0.16674600196,-0.230924649942,-0.105044674607,-0.151618591202,-0.229849124003,0.325369875742,0.133876346302,0.193478709595,0.320080628044,0.109437280844,-0.00952802418686,0.364929173988,0.0010043310812,0.419711367168,0.475260452958,0.543593104726,1.00002928858,0.110972791521,0.125246670216,0.386306583676,0.409011210825,0.148344017431,0.221050017668,0.355113446051,0.34492197497,0.305723579927,-0.0242535202291,-0.0806636835655,0.0191074181937,0.131205321386,-0.0421504099251
-0.0119756906741,0.0659342287903,-0.00385926657908,-0.0235787567496,-0.0378591067675,-0.0170486159485,0.00431550130858,-0.0634644423801,-0.0914711320317,-0.0157019484504,-0.017809474169,-0.110561780649,-0.0327589677763,-0.0774715215121,-0.0998719717247,-0.0923861695635,-0.137519896848,-0.108870646619,-0.104787986067,-0.11392529813,-0.122589637611,-0.0478365163905,-0.111230049891,0.0276024130067,-0.133835172718,-0.0449869748638,-0.0163618063483,0.000451278421408,0.0124284715705,0.0254508940898,0.0221048536425,-0.0254769761842,-0.143478763755,0.0894199013877,0.277491355139,-0.022300717832,0.386844413498,0.078038606555,0.253260882818,0.10036717613,0.0668269407783,0.00865300106511,0.106963394939,0.0269535054298,0.0125365792519,-0.0164985749476,-0.064089918561,0.138669371589,0.0440648621137,-0.0476508331178,-0.0310335475859,0.0525771920789,-0.00892151186299,-0.00342201244838,0.0168749683154,-0.0133938272359,-0.10283418005,-0.0780852021349,-0.10305528356,-0.0837993366048,0.0058217363331,-0.0224735011082,-0.0801910688396,-0.0264575464649,-0.0745909819817,-0.0316340919905,-0.0762361019825,-0.155837405153,-0.0800287915308,-0.118178140848,-0.148934964895,-0.0942265946908,0.0809267670315,-0.126361655224,-0.00283668880263,-0.0154647681036,0.0951121970457,0.0168908312405,0.0432283395361,-0.103276899374,-0.0125654101509,-0.126141489969,0.130643802377,0.212906594852,0.0777350628534,0.110972791521,1.00002928858,0.25998872734,0.14328090412,0.111876187822,0.3483678294,0.146771117426,0.0780093730495,0.0657164406036,-0.018126694506,0.166518239914,0.0341269907278,0.071648735849,0.0484019773,-0.0276074479524
0.147688380258,0.246834476066,0.163567961797,0.0725311176855,0.0370949675877,0.12997788954,0.10791809799,-0.0699150643601,-0.0315130902023,-0.0890173509877,-0.0518650419032,-0.131694913307,-0.0884490267043,0.10938672908,-0.053966132431,0.245881842395,-0.0519624515015,0.0179677811258,0.113383695033,0.120385640698,-0.0461628513927,-0.088589586553,-0.0533172294962,0.175712808977,-0.0692340224255,0.123510072345,0.0385738765969,-0.123970617537,-0.145349450576,-0.0749887812491,0.323169211037,0.113748845584,-0.0132761770801,0.0255287360719,0.632983280931,0.435421866442,0.170825300719,0.0434772617057,0.128470484584,-0.204534917896,-0.197638406075,-0.121208555749,-0.0459010050108,-0.316259449991,-0.138375529954,-0.173431128044,-0.31994952423,0.115165405364,0.0577721445815,0.0147730573655,0.0438768627554,0.212128408002,0.0537065466567,0.130950382071,0.10709244132,0.100179539491,-0.177007980596,-0.081912468594,0.0304202435999,-0.0395516885158,-0.0583748863225,-0.0839878956195,-0.127444504134,-0.066381673593,0.000324257423149,0.214543382622,0.305705383907,-0.0513396636897,0.253337876504,0.107666019754,-0.0513137371003,-0.0495218134194,0.176188342543,-0.0513227264014,0.133732036509,0.200943969711,0.115691105142,-0.0728777601608,-0.118111563887,0.22852102096,0.116382859801,0.0043763759389,0.0614784074343,0.434204909581,0.196073418056,0.125246670216,0.25998872734,1.00002928858,0.119595625619,0.290040185398,0.260540392937,-0.101248908626,-0.174157266596,-0.135354040102,-0.158999526603,0.242751195842,0.0391911052827,0.0308161357744,0.0146275716045,0.11236622895
-0.187389639575,-0.116568876463,-0.23228393392,-0.148435744851,-0.111720582944,-0.127610245692,-0.105744644744,-0.118194480079,-0.118716695995,-0.0772270539188,-0.119831732564,-0.311790218927,-0.126616639043,-0.31759125776,-0.200132743998,-0.341190226712,-0.389614323595,-0.322121626564,-0.26349166593,-0.373050801189,-0.345413963273,-0.171159930562,-0.332179128874,-0.211376738233,-0.339448898635,-0.242572366965,-0.23712371333,0.0848979900823,0.0724331910792,0.167848733365,-0.139314269111,-0.125087698308,-0.329547392802,0.242509694767,-0.0256090456232,-0.171134503238,0.0850904887416,0.298948963503,0.36915658057,0.268424924306,0.300244624315,0.242211689317,0.486065370118,0.386336671742,0.342517347062,0.143868350573,0.210577927517,0.15697059695,0.0394792263234,-0.124370791368,-0.0955305802186,-0.144778148952,-0.0976268632786,-0.181063130347,-0.0924995111889,-0.126183660663,-0.146654892602,-0.0858346324361,-0.165076610378,-0.103336493668,-0.0152450892879,-0.144992809183,-0.215716507811,-0.0669325367236,-0.209530681123,0.0733331235132,-0.2567063442,-0.270715329382,-0.26753958285,-0.333811533409,-0.317423407046,-0.258398157442,-0.218639196419,-0.355426320356,0.268787054144,-0.114744427514,0.0846579979752,0.147186701805,0.179745503952,-0.236317183496,0.0107219504129,-0.200999337154,0.529249055978,0.524079024994,0.525191116368,0.386306583676,0.14328090412,0.119595625619,1.00002928858,0.484231249532,0.4476990661,0.374796708775,0.599578582536,0.306593664391,0.324845386104,0.145500644082,0.0302899157294,0.151697668694,0.296236810634,0.0768683344524
-0.119496075907,-0.0680405525719,-0.172705929697,-0.126366942244,-0.0711796746683,-0.0608902922471,-0.0867432652235,-0.0834621861206,-0.101628379349,-0.0473011823337,-0.0845911258607,-0.212185218741,-0.0581638555664,-0.178002698711,-0.167843887584,-0.117863899612,-0.216971111974,-0.178489796554,-0.163070579859,-0.106450944456,-0.25484163407,-0.114362378878,-0.192271413618,-0.0926173418482,-0.21356940826,-0.0624257808485,-0.063877725402,-0.0150607435255,-0.0125654466904,0.072457199667,0.0297115735499,0.0437658256879,-0.157909272176,0.178506661984,0.0930412943055,0.0334895478451,0.0576743730495,0.37932495756,0.181800312003,0.125942117482,0.067493959568,0.00993605681964,0.208358002168,0.115157951062,0.142424732574,-0.000622105280911,-0.0112536506617,0.201263267135,0.114328329782,-0.138218380961,-0.10338239652,-0.1012296268,-0.0971742104591,-0.128525942339,-0.0537390851366,-0.107806638877,-0.0968087307352,-0.0518548932399,-0.11771998437,-0.0994012722497,-0.00738310228592,-0.10813479343,-0.162314092101,-0.00802153066261,-0.170790590748,0.119252811694,-0.0521112118117,-0.152791340175,-0.113845255018,-0.0605236930309,-0.211915153955,-0.144571267423,-0.0924026060694,-0.197897276489,0.218134653313,0.129172713975,0.210044717792,0.0795334320211,0.0678296350821,-0.0321894327614,0.199339912773,-0.0182616580181,0.393473430792,0.524002051568,0.488252244962,0.409011210825,0.111876187822,0.290040185398,0.484231249532,1.00002928858,0.277994557258,0.245208321164,0.313274537632,0.18391008028,0.0939930475825,0.23292322943,0.0786720189865,0.0730215813159,0.0576604901268,-0.00445927724981
-0.117190711188,-0.0262562704953,-0.136998518506,-0.085897589737,-0.086563106075,-0.0604192722794,-0.012087057344,-0.108639128821,-0.127534810756,-0.0391668464734,-0.0811845048883,-0.28180417621,-0.0914299882629,-0.23966433848,-0.165366816945,-0.284052070326,-0.345618345202,-0.266595769648,-0.2248956054,-0.357677528275,-0.394626773804,-0.154589362066,-0.376169611585,-0.0987019672255,-0.35336458574,-0.301426080516,-0.237627354405,0.078923911017,0.113542425045,0.122841945132,-0.19461811266,-0.178794430346,-0.380612996049,0.166168268461,0.20149434589,-0.122545850909,0.262515120299,0.263901349081,0.704480424322,0.403466416213,0.33800976453,0.17306953606,0.395459565477,0.299873026551,0.146380668957,0.0473971758056,0.0513587530842,0.395450986701,0.185072631934,-0.146387138424,-0.0452318376267,-0.0455902457625,-0.0458561694429,-0.119141707174,0.00597985014273,-0.0490632469626,-0.180805637907,-0.110537246389,-0.156928092521,-0.118100407747,-0.0360683652952,-0.122064297109,-0.229684817651,-0.0623628696938,-0.19093474026,0.0355577097035,-0.239101109287,-0.283710936757,-0.222265264117,-0.358917989728,-0.412494915641,-0.343986070782,-0.112019416396,-0.423057319997,-0.238392677616,-0.298081715143,-0.0792850472957,0.117107599286,0.155850128482,-0.36992904634,-0.205413549975,-0.384205359533,0.289134043662,0.314094340224,0.130024318906,0.148344017431,0.3483678294,0.260540392937,0.4476990661,0.277994557258,1.00002928858,0.462214611962,0.32272060783,0.21245471141,0.00160330430037,0.427508470279,0.114179656964,0.208238175617,0.0830769173998,-0.116871278085
-0.21783665413,-0.173404884101,-0.246740902421,-0.141685621658,-0.104103329474,-0.114147265578,-0.07741506025,-0.092609870688,-0.0681123385076,0.0178631938535,-0.0604225142215,-0.299108338123,-0.182113238274,-0.382116151559,-0.161448194006,-0.416652982194,-0.385556501376,-0.320510414571,-0.23523201778,-0.416786383654,-0.412204175711,-0.10747449396,-0.329246693828,-0.174287797437,-0.350114898702,-0.293931187574,-0.159341464794,0.339522048183,0.142525894772,0.0468829460577,-0.432063345476,-0.272925479164,-0.428917959167,0.261939989617,-0.107478166703,-0.240637169413,0.122334069567,0.257896572769,0.455712034806,0.73465433333,0.410905522495,0.136658743902,0.327643065609,0.484751383796,0.140054239947,0.225305092252,0.168043737139,0.363211044942,0.16865294497,-0.226283291444,-0.100251304683,-0.188859798841,-0.0832148247479,-0.200975137833,-0.0790654595153,-0.0919635758937,-0.167484201439,-0.050104346006,-0.12937903538,-0.0763693193608,0.0489156340714,-0.0984078688004,-0.233199120895,-0.144055909579,-0.230624211666,-0.0339572078356,-0.360467266506,-0.295532231392,-0.255968834326,-0.374118502633,-0.375637146678,-0.274813017265,-0.176905233307,-0.373678051872,-0.264230414101,-0.273436437123,0.0429976310602,0.388985069387,0.201176908882,-0.496338452021,-0.206367213756,-0.389016807892,0.239888202002,0.0675259243908,0.0511332257899,0.221050017668,0.146771117426,-0.101248908626,0.374796708775,0.245208321164,0.462214611962,1.00002928858,0.486894217189,0.403167558005,0.108347705618,0.282749069384,0.1020700714,0.215801332795,0.0397074415221,-0.15668931834
-0.268110787915,-0.227188965358,-0.317879372835,-0.185696486756,-0.131198760298,-0.20615571085,-0.15533144043,-0.0947045050846,-0.0701407628479,0.000799887995251,-0.070035405189,-0.233289975182,-0.0964969976169,-0.385407532868,-0.16653911443,-0.43366721054,-0.333618668425,-0.32306637946,-0.271379147996,-0.41500771183,-0.263653304663,-0.0661962097745,-0.243742932313,-0.216211760598,-0.28231937143,-0.190969827955,-0.170848288164,0.121411081381,0.129106328535,0.099081354918,-0.321587049047,-0.161468745076,-0.316045591688,0.237408921919,-0.228915099944,-0.320294562083,0.0569612293689,0.236093736106,0.29954603409,0.396911672119,0.364784741368,0.26465954549,0.40666493755,0.640929108919,0.357755374918,0.304179945786,0.361942192479,0.0862422766277,0.0139333074389,-0.10714832273,-0.159392295916,-0.267021235787,-0.146061973411,-0.264108672161,-0.172204629439,-0.167850767318,-0.0924744564944,-0.0970203494087,-0.191969985036,-0.0831436423128,0.019604690786,-0.114517711406,-0.161163585147,-0.0604986701291,-0.265518252377,-0.0980412579628,-0.377246898102,-0.269912644158,-0.326057357829,-0.377191662061,-0.27664340459,-0.166724607749,-0.222808150426,-0.294339598967,0.113502280723,-0.0636354723611,0.159009044767,0.199944463536,0.277628081365,-0.362748760282,0.0336442522868,-0.168680639509,0.363922889015,0.163993999084,0.384644559153,0.355113446051,0.0780093730495,-0.174157266596,0.599578582536,0.313274537632,0.32272060783,0.486894217189,1.00002928858,0.455647768668,0.502299322556,0.0346988977474,-0.0231367264501,0.162985263661,0.260050081407,-0.0285129307679
-0.20632595157,-0.189807538205,-0.253749623673,-0.164148328365,-0.129015554923,-0.125558808634,-0.133959218547,-0.086830540748,-0.0714834870105,-0.00352156634882,-0.0456868080587,-0.190041496821,-0.127351517061,-0.232696582815,-0.144120158697,-0.281630905088,-0.226626607586,-0.221089566082,-0.221322562618,-0.314455046384,-0.179417294871,-0.0471001386558,-0.142262388366,-0.163519707489,-0.213728242565,-0.240917636094,-0.0671851175237,0.138142612611,0.0376588615432,0.0794867324764,-0.169617824872,-0.042306951312,-0.164006236707,0.115034878211,-0.149766886413,-0.241904857375,0.0464417240973,0.135602085919,0.1830943968,0.342902992228,0.215557747063,0.151000768705,0.246714826877,0.356691782818,0.201310098211,0.272268588158,0.284800432761,0.122119171001,0.0609835236483,-0.084179478324,-0.131320776258,-0.206200463041,-0.110087772055,-0.186606982462,-0.110541870071,-0.137544144149,-0.108836142535,-0.0714805654723,-0.131251391861,-0.0669019617763,0.0340743920676,-0.0830500675715,-0.154672863423,-0.109202029215,-0.162380819295,-0.0514554382886,-0.247610304551,-0.207326251031,-0.250589173205,-0.246929290164,-0.201888986627,-0.0482748052609,-0.150035411118,-0.214457468542,0.037324071567,-0.119180624363,0.14699071751,0.358038988998,0.258370154138,-0.21616214687,0.119545228034,-0.0590868431312,0.278382171137,0.124448314094,0.246386037164,0.34492197497,0.0657164406036,-0.135354040102,0.306593664391,0.18391008028,0.21245471141,0.403167558005,0.455647768668,1.00002928858,0.394174694951,0.0809090693473,0.0312957755522,0.125663755779,0.150684093002,-0.0555298689924
-0.1824840355,-0.159210672613,-0.205522130396,-0.119830385957,-0.116984286023,-0.156999571973,-0.151999125629,-0.0478693704712,-0.040848882438,0.0216239299907,-0.0310666169065,-0.124210458213,-0.0969669627969,-0.139037545032,-0.0997966518606,-0.185674975642,-0.168712218102,-0.174464429292,-0.181894850855,-0.202382656297,-0.00305414796972,0.0156978767326,-0.0174877288123,-0.122281756353,-0.0855095605017,-0.101955710226,-0.0303588195488,0.0567398438555,0.0339283209527,0.0510756572781,-0.0619670554717,-0.00253865422731,-0.0386226985475,0.0441724690218,-0.218318789859,-0.207474861585,-0.0422647083109,-0.00743677783308,-0.0628319121494,0.0261926176293,0.0924464292809,0.173055333523,0.117733584565,0.255073424431,0.217447372323,0.261795097442,0.339698737671,-0.13260306535,-0.0708292294504,0.0787558841173,-0.128273644436,-0.176807595151,-0.0787838648868,-0.170812438948,-0.148222596014,-0.132731666323,-0.0177983449439,-0.0468163433311,-0.12310401839,-0.0474121294483,0.0780764194498,-0.0286731350542,-0.00408449897382,-0.0327868406107,-0.0959815905432,-0.0133756848964,-0.148862858093,-0.112914381842,-0.200050879301,-0.153617866824,0.0135721048902,0.140707782987,-0.0893401613799,-0.0381678775418,0.319247814322,0.0570017768394,0.188799203753,0.13824841047,0.179090286948,-0.0245081331297,0.327249278076,0.258929414468,0.276537786812,0.0957309568247,0.406426520506,0.305723579927,-0.018126694506,-0.158999526603,0.324845386104,0.0939930475825,0.00160330430037,0.108347705618,0.502299322556,0.394174694951,1.00002928858,-0.133678858876,-0.0509807409071,0.122522891926,0.3600094534,0.212448131961
-0.00935924391052,-0.0118333683482,-0.0420688440702,-0.0114448317573,0.0465273453515,0.125231956403,0.0962448120744,-0.0632608550105,-0.0449771957043,-0.00125174997006,-0.00856744025443,-0.145745630327,-0.0541550495693,-0.0883695321138,-0.0620781461745,-0.0810007004085,-0.170372241723,-0.135443438943,-0.0567405501062,-0.126997336562,-0.225461768666,-0.0834071662039,-0.21189410506,0.0414761927706,-0.210019300582,-0.153727883882,-0.0848511705983,-0.00413783967613,0.0454778763518,-0.0276012136425,-0.141374582625,-0.108239806967,-0.224216181303,0.0117858666989,0.220005316176,0.0693739751948,0.106305546031,0.197620693842,0.37408052282,0.254380454208,0.156485921616,-0.0314309708468,0.155497590578,0.0641350373644,-0.050294334825,-0.0182075438137,-0.108499471062,0.541961145464,0.309205178104,-0.106169788622,0.0412701771084,-0.0220399339692,0.0179217938777,0.0488436387441,0.23788243844,0.0529525740987,-0.102185690879,-0.0594215453249,-0.0331994763682,-0.0544282918768,0.0258236770773,-0.029848191126,-0.131782120153,-0.0310766673128,-0.074821895065,0.217612392166,-0.0400916130376,-0.129926314469,-0.00814527448029,-0.113017361405,-0.182369715821,-0.180986194798,0.00897813254666,-0.218002002437,-0.264797716205,-0.159223912428,-0.0568336491679,0.0235913557134,0.0793588061675,-0.205486369056,-0.131942019198,-0.228348199924,0.039794169925,0.118901144389,-0.0297014642461,-0.0242535202291,0.166518239914,0.242751195842,0.145500644082,0.23292322943,0.427508470279,0.282749069384,0.0346988977474,0.0809090693473,-0.133678858876,1.00002928858,0.243022665048,0.156475148539,-0.0478023989913,-0.0645047498564
0.0281834237471,-0.0123890752472,-0.0272515972662,0.0602635103834,0.0670606762085,0.0704447222519,0.0707238967515,-0.0271095349776,-0.0512309717146,0.00788378132676,0.00885726036496,-0.0913619193588,-0.0273414339772,0.0426620328511,0.0345338117368,0.0055651444203,-0.103052996359,-0.0784141372328,-0.0303606440046,-0.0579992746186,-0.142485491178,-0.0123299430669,-0.106568996466,0.0108054818986,-0.113833857692,-0.11598235529,-0.059361944538,-0.033509329471,0.124196223458,-0.0131156585685,-0.0988707787929,-0.0699140517371,-0.114684082955,-0.0671244193748,0.0178884858565,0.0139678415271,-0.0173949702688,0.0611440067879,0.0947846525563,0.0971095836518,0.0853524957453,-0.0428526697966,0.0113578825562,-0.0055843904541,-0.07664704734,-0.0150368576443,-0.0613250018954,0.227722137794,0.265517972515,-0.0366246781431,0.160641441242,-0.00519962689951,0.11654137393,0.0175731874323,0.128912326464,0.0719019505148,-0.00944814033773,-0.0269436470056,-0.0111841430455,-0.0548452435444,0.0642318362034,0.0128873138309,-0.0456395239879,0.00264196981492,0.109721355348,0.17342202579,0.0402750940737,-0.0545477957664,-0.0377112580609,-0.0508229264039,-0.0815949606471,-0.0614046071993,0.0178538011441,-0.118956525783,-0.159176592329,-0.121215005629,-0.067779827108,-0.0432101513628,0.149098495225,-0.0676872026272,-0.0550699158535,-0.0693226330529,0.0492809111229,0.00408041797412,-0.0651641993612,-0.0806636835655,0.0341269907278,0.0391911052827,0.0302899157294,0.0786720189865,0.114179656964,0.1020700714,-0.0231367264501,0.0312957755522,-0.0509807409071,0.243022665048,1.00002928858,0.167662341783,0.0373067859798,0.0177628510501
0.0189158745302,0.0209435314226,-0.0684771684027,0.0427519160637,0.0321602189504,0.0244923382213,0.0535753374978,-0.0361404035194,-0.0190730790756,0.0766638294156,0.0326901258597,-0.150919965648,-0.0489552068649,-0.0916975420305,-0.0679622144287,-0.127225607891,-0.206956888072,-0.147704632501,-0.0833019635292,-0.161427469733,-0.201178871559,0.0235502885351,-0.158677762668,-0.0246306426736,-0.179513639726,-0.119752356262,-0.0808290874275,6.2353390318e-06,0.16761236264,-0.0308702726566,-0.170714185991,-0.113082577815,-0.184048731666,0.0196459864954,-0.0145494721887,-0.085583978799,0.0476280132875,0.0341010366202,0.163310834743,0.162643525097,0.237778008206,0.118254223662,0.0391481475308,0.0967256442253,-0.00550381628409,0.0476855329414,-0.0153577560075,0.143208200563,0.10383556234,0.0289682671788,0.0976928148778,0.00968107106657,0.098869466324,-0.0339640554651,0.0786154721097,0.0683978459688,-0.030672575717,-0.02345032059,-0.0258000345294,-0.0351896575675,0.213356939776,0.0134620231948,-0.0328327031674,0.0054712839156,-0.00297924464719,0.0837264956193,-0.0645141524666,-0.137414068389,-0.0840909441394,-0.117137895439,-0.142840827314,-0.00271467322669,-0.0228495271617,-0.145922667256,-0.136923282216,-0.0865568785916,0.00284535033469,-0.00765775968857,0.246313580231,-0.178432924477,-0.0980700719427,-0.0913861574795,0.148469555795,0.0202112776925,0.040273038104,0.0191074181937,0.071648735849,0.0308161357744,0.151697668694,0.0730215813159,0.208238175617,0.215801332795,0.162985263661,0.125663755779,0.122522891926,0.156475148539,0.167662341783,1.00002928858,0.340870543717,0.186652765633
-0.0103801950011,-0.000191050384679,-0.0764098096423,0.0291894932486,-0.01606226116,-0.032131129899,0.0248148047036,-0.0310662701132,-0.0123590414481,0.105883259408,0.0223216323324,-0.077435657036,-0.00814872037539,-0.0721725564575,-0.0230879742671,-0.122209647938,-0.151423210606,-0.120749391994,-0.0781853331657,-0.126137386433,-0.0502234896351,0.0191833229084,-0.0408675741521,-0.028844112891,-0.0535942110605,-0.0335797466145,-0.0323773485727,-0.0565754455778,0.0302633389749,-0.0275629885698,-0.0726818378917,-0.0897067383361,-0.0828976280509,-0.0102251496684,-0.0675036238299,-0.122023194872,0.0117041623527,-0.0796165274304,-0.00132076176849,-0.0306277170322,0.0936115197318,0.187915650484,0.0296644889086,0.0585282288104,0.0587910561717,0.0954705053793,0.0556369589701,-0.0893661684377,-0.0690920746375,0.159423071276,0.0715316203373,-9.08702496299e-05,0.0879990190514,-0.0287289829516,0.0337665380441,0.0626498545332,0.0381625420717,-0.0229037697729,-0.0389132012558,-0.0177925832176,0.23270049456,0.035856268222,0.0425910908857,0.0215086065791,0.0827848214052,0.0860960352392,-0.0416139266613,-0.0943437427447,-0.0896691382544,-0.0797906820804,-0.0219752996879,0.0790020491947,-0.0242649323097,-0.0360503899218,0.206174840698,0.0567605068751,0.0923985559149,-0.0128292627946,0.146771835884,-0.0168710928371,0.0567096821114,0.125562365978,0.227088282306,0.117739558929,0.243340292897,0.131205321386,0.0484019773,0.0146275716045,0.296236810634,0.0576604901268,0.0830769173998,0.0397074415221,0.260050081407,0.150684093002,0.3600094534,-0.0478023989913,0.0373067859798,0.340870543717,1.00002928858,0.433421653445
0.104820331189,0.0545482198464,0.0526485091487,0.131148778035,0.0463289697847,0.069717509026,0.0790212215401,0.033590920259,0.0497850927824,0.0771435775609,0.0563687521071,0.0446133965148,-0.0233620140091,0.0970882025655,0.133977381865,0.0941030191164,0.00378779001479,0.0150090567719,0.0752427533603,0.109362869784,0.151195475362,0.0629280042583,0.136232548276,0.134012824991,0.134955834314,0.158457178705,0.0887107325451,-0.107417246245,-0.0608761006675,-0.15093188067,0.0262665834035,-0.0388208501478,0.0770686316411,-0.161168459363,-0.00576981225145,0.0956438707205,-0.0616468061177,-0.196642532667,-0.202737423501,-0.218285296702,-0.143345013651,-0.0685479993892,-0.224736211226,-0.224897759572,-0.157515431996,-0.0228423529784,-0.163370174572,-0.137198741778,-0.0819363207615,0.30489102513,0.103616014052,0.0656528946873,0.171985848682,0.089506737993,0.104773885879,0.125404804022,0.0987206008553,0.0390456267312,0.0867452555383,0.0406112891476,0.218745088664,0.0875947990431,0.121117866715,0.0158191881614,0.223536559727,0.334504443465,0.154762747118,0.0560343252677,0.11789940103,0.181786696903,0.277891017935,0.242921327522,0.167677682589,0.210099411994,0.271052283979,0.263347046308,0.122550090201,-0.10624216495,-0.00280954066382,0.227750460402,0.162398838419,0.353605973863,2.27246855044e-06,-0.0297562471002,0.107989682237,-0.0421504099251,-0.0276074479524,0.11236622895,0.0768683344524,-0.00445927724981,-0.116871278085,-0.15668931834,-0.0285129307679,-0.0555298689924,0.212448131961,-0.0645047498564,0.0177628510501,0.186652765633,0.433421653445,1.00002928858
